order_id,amount,decline_code,decline_category,ground_truth_recoverable,timestamp
ord_3071f9b6,26359.95,INSUFFICIENT_FUNDS,INSUFFICIENT_FUNDS,1,2026-08-11T00:48:55.381811
ord_7fb91c1d,47824.23,INSUFFICIENT_FUNDS,INSUFFICIENT_FUNDS,0,2026-07-23T00:48:55.381811
ord_2faa5f6d,22508.36,OTHER,OTHER,0,2026-08-10T00:48:55.381811
ord_34cdc74e,27032.67,RISK_BLOCK,RISK_BLOCK,0,2026-08-22T00:48:55.381811
ord_b16543dc,38271.65,OTHER,OTHER,1,2026-08-21T00:48:55.381811
ord_103f5d85,11952.32,EXPIRED_CARD,EXPIRED_CARD,0,2026-08-15T00:48:55.381811
ord_639efe10,22184.55,RISK_BLOCK,RISK_BLOCK,0,2026-07-25T00:48:55.381811
ord_43a52a1e,29720.32,INSUFFICIENT_FUNDS,INSUFFICIENT_FUNDS,0,2026-07-24T00:48:55.381811
ord_489c9038,23363.34,INSUFFICIENT_FUNDS,INSUFFICIENT_FUNDS,0,2026-07-30T00:48:55.381811
ord_6ab1c7d4,18849.72,EXPIRED_CARD,EXPIRED_CARD,0,2026-07-24T00:48:55.381811
ord_fe7b7ea3,47763.44,RISK_BLOCK,RISK_BLOCK,0,2026-08-16T00:48:55.381811
ord_b7dda765,35354.54,OTHER,OTHER,1,2026-08-04T00:48:55.381811
ord_f3c6d802,33447.02,INSUFFICIENT_FUNDS,INSUFFICIENT_FUNDS,1,2026-08-15T00:48:55.381811
ord_3c18b738,3306.0,INSUFFICIENT_FUNDS,INSUFFICIENT_FUNDS,1,2026-08-17T00:48:55.381811
ord_2323b401,32472.74,INSUFFICIENT_FUNDS,INSUFFICIENT_FUNDS,1,2026-08-14T00:48:55.381811
ord_41dab941,7740.38,ISSUER_TIMEOUT,ISSUER_TIMEOUT,1,2026-07-28T00:48:55.381811
ord_f4877284,36917.92,EXPIRED_CARD,EXPIRED_CARD,0,2026-08-05T00:48:55.381811
ord_725e7702,17068.01,EXPIRED_CARD,EXPIRED_CARD,0,2026-08-21T00:48:55.381811
ord_9b9c22c1,43571.91,OTHER,OTHER,0,2026-08-10T00:48:55.381811
ord_e42ab575,6376.76,INSUFFICIENT_FUNDS,INSUFFICIENT_FUNDS,1,2026-08-05T00:48:55.381811
ord_c4908a72,9756.99,EXPIRED_CARD,EXPIRED_CARD,0,2026-07-25T00:48:55.381811
ord_d14fe1f9,528.02,EXPIRED_CARD,EXPIRED_CARD,0,2026-08-02T00:48:55.381811
ord_e852d5d7,13009.52,EXPIRED_CARD,EXPIRED_CARD,0,2026-08-18T00:48:55.381811
ord_db298bd3,33250.24,INSUFFICIENT_FUNDS,INSUFFICIENT_FUNDS,1,2026-08-09T00:48:55.381811
ord_f929b305,44920.25,INSUFFICIENT_FUNDS,INSUFFICIENT_FUNDS,1,2026-07-25T00:48:55.381811
ord_138db3c0,592.59,ISSUER_TIMEOUT,ISSUER_TIMEOUT,1,2026-07-31T00:48:55.381811
ord_bb5a1a6f,8468.92,INSUFFICIENT_FUNDS,INSUFFICIENT_FUNDS,1,2026-08-07T00:48:55.381811
ord_7aeebd29,43319.61,EXPIRED_CARD,EXPIRED_CARD,0,2026-07-29T00:48:55.381811
ord_2eb8189c,29444.26,OTHER,OTHER,0,2026-08-09T00:48:55.381811
ord_c4a796c3,12296.26,INSUFFICIENT_FUNDS,INSUFFICIENT_FUNDS,1,2026-08-08T00:48:55.381811
ord_901ef553,24213.15,EXPIRED_CARD,EXPIRED_CARD,0,2026-08-09T00:48:55.381811
ord_fe6c792b,13163.99,OTHER,OTHER,0,2026-08-02T00:48:55.381811
ord_b4e8dbef,38317.74,INSUFFICIENT_FUNDS,INSUFFICIENT_FUNDS,1,2026-08-17T00:48:55.381811
ord_01d065d7,29784.53,INSUFFICIENT_FUNDS,INSUFFICIENT_FUNDS,1,2026-07-29T00:48:55.381811
ord_425d456c,4822.58,EXPIRED_CARD,EXPIRED_CARD,0,2026-08-20T00:48:55.381811
ord_c757966c,7948.11,OTHER,OTHER,0,2026-07-28T00:48:55.381811
ord_c6d90884,15098.95,ISSUER_TIMEOUT,ISSUER_TIMEOUT,1,2026-08-04T00:48:55.381811
ord_6023c920,28706.89,INSUFFICIENT_FUNDS,INSUFFICIENT_FUNDS,0,2026-08-07T00:48:55.381811
ord_c1a841be,40522.07,EXPIRED_CARD,EXPIRED_CARD,0,2026-08-20T00:48:55.381811
ord_7b32371b,37061.06,ISSUER_TIMEOUT,ISSUER_TIMEOUT,1,2026-07-23T00:48:55.381811
ord_b7205621,29776.77,INSUFFICIENT_FUNDS,INSUFFICIENT_FUNDS,1,2026-08-17T00:48:55.381811
ord_5a355981,6762.93,INSUFFICIENT_FUNDS,INSUFFICIENT_FUNDS,0,2026-08-12T00:48:55.381811
ord_bd7fcff2,10516.43,EXPIRED_CARD,EXPIRED_CARD,0,2026-08-17T00:48:55.381811
ord_de144502,1130.08,OTHER,OTHER,1,2026-07-23T00:48:55.381811
ord_cf68412d,33986.0,OTHER,OTHER,0,2026-08-02T00:48:55.381811
ord_902311f3,25803.12,OTHER,OTHER,1,2026-08-22T00:48:55.381811
ord_f7c92d73,47771.56,INSUFFICIENT_FUNDS,INSUFFICIENT_FUNDS,1,2026-07-26T00:48:55.381811
ord_de559c49,429.48,INSUFFICIENT_FUNDS,INSUFFICIENT_FUNDS,1,2026-07-24T00:48:55.381811
ord_f2c6ee81,20616.4,RISK_BLOCK,RISK_BLOCK,1,2026-08-16T00:48:55.381811
ord_c6ef9e21,9716.83,INSUFFICIENT_FUNDS,INSUFFICIENT_FUNDS,1,2026-08-16T00:48:55.381811
ord_16891ad2,48907.39,RISK_BLOCK,RISK_BLOCK,0,2026-08-09T00:48:55.381811
ord_85a7b6b6,24001.22,ISSUER_TIMEOUT,ISSUER_TIMEOUT,1,2026-07-30T00:48:55.381811
ord_68ef522f,38892.83,INSUFFICIENT_FUNDS,INSUFFICIENT_FUNDS,0,2026-08-06T00:48:55.381811
ord_1638416b,39589.71,OTHER,OTHER,0,2026-07-31T00:48:55.381811
ord_9f309348,40492.36,ISSUER_TIMEOUT,ISSUER_TIMEOUT,1,2026-08-01T00:48:55.381811
ord_421275e2,31725.49,OTHER,OTHER,0,2026-07-31T00:48:55.381811
ord_84cfa3a1,34474.56,RISK_BLOCK,RISK_BLOCK,0,2026-08-14T00:48:55.381811
ord_56f69491,31099.51,INSUFFICIENT_FUNDS,INSUFFICIENT_FUNDS,1,2026-08-07T00:48:55.381811
ord_07d864d3,11451.04,RISK_BLOCK,RISK_BLOCK,1,2026-07-30T00:48:55.381811
ord_0f8657ea,30302.57,INSUFFICIENT_FUNDS,INSUFFICIENT_FUNDS,1,2026-08-22T00:48:55.381811
ord_1560eb58,20814.1,INSUFFICIENT_FUNDS,INSUFFICIENT_FUNDS,1,2026-07-30T00:48:55.381811
ord_09d4e0a6,7115.28,INSUFFICIENT_FUNDS,INSUFFICIENT_FUNDS,1,2026-08-10T00:48:55.381811
ord_8d966d3c,16381.72,ISSUER_TIMEOUT,ISSUER_TIMEOUT,0,2026-08-05T00:48:55.381811
ord_59c26837,27019.94,ISSUER_TIMEOUT,ISSUER_TIMEOUT,0,2026-08-12T00:48:55.381811
ord_f9eff3ca,2127.2,OTHER,OTHER,0,2026-07-29T00:48:55.381811
ord_607ca9c8,9470.85,ISSUER_TIMEOUT,ISSUER_TIMEOUT,1,2026-08-22T00:48:55.381811
ord_9ffc43bb,42871.75,OTHER,OTHER,0,2026-08-20T00:48:55.381811
ord_73c85fc2,39384.51,INSUFFICIENT_FUNDS,INSUFFICIENT_FUNDS,0,2026-08-15T00:48:55.381811
ord_0a58a955,19215.57,ISSUER_TIMEOUT,ISSUER_TIMEOUT,1,2026-08-17T00:48:55.381811
ord_9a682e0b,41163.29,OTHER,OTHER,1,2026-08-01T00:48:55.381811
ord_ff581447,23050.67,INSUFFICIENT_FUNDS,INSUFFICIENT_FUNDS,1,2026-08-20T00:48:55.381811
ord_ee769982,1191.04,INSUFFICIENT_FUNDS,INSUFFICIENT_FUNDS,0,2026-08-18T00:48:55.381811
ord_531c624e,35956.48,OTHER,OTHER,0,2026-08-05T00:48:55.381811
ord_7b959b0f,36816.21,INSUFFICIENT_FUNDS,INSUFFICIENT_FUNDS,1,2026-08-04T00:48:55.381811
ord_aae5df53,34091.21,EXPIRED_CARD,EXPIRED_CARD,0,2026-08-11T00:48:55.381811
ord_47665802,24552.27,ISSUER_TIMEOUT,ISSUER_TIMEOUT,1,2026-07-26T00:48:55.381811
ord_9a56e756,28589.33,INSUFFICIENT_FUNDS,INSUFFICIENT_FUNDS,1,2026-07-28T00:48:55.381811
ord_823739e7,1748.76,INSUFFICIENT_FUNDS,INSUFFICIENT_FUNDS,0,2026-08-09T00:48:55.381811
ord_aa9652c5,33144.03,RISK_BLOCK,RISK_BLOCK,0,2026-08-19T00:48:55.383949
ord_2f325d36,21708.93,RISK_BLOCK,RISK_BLOCK,0,2026-07-27T00:48:55.383949
ord_756abda9,5419.08,INSUFFICIENT_FUNDS,INSUFFICIENT_FUNDS,1,2026-07-26T00:48:55.383949
ord_e96829b3,36866.75,ISSUER_TIMEOUT,ISSUER_TIMEOUT,0,2026-08-21T00:48:55.383949
ord_42592644,47642.83,OTHER,OTHER,1,2026-07-24T00:48:55.383949
ord_c130730a,1903.1,EXPIRED_CARD,EXPIRED_CARD,0,2026-08-01T00:48:55.383949
ord_af49346d,14995.1,ISSUER_TIMEOUT,ISSUER_TIMEOUT,1,2026-08-17T00:48:55.383949
ord_649662cf,8747.08,INSUFFICIENT_FUNDS,INSUFFICIENT_FUNDS,0,2026-08-06T00:48:55.383949
ord_7e88f6e9,44386.21,INSUFFICIENT_FUNDS,INSUFFICIENT_FUNDS,1,2026-08-16T00:48:55.383949
ord_6912ca91,18503.43,OTHER,OTHER,0,2026-08-01T00:48:55.383949
ord_63bd3cf0,18044.48,OTHER,OTHER,0,2026-08-20T00:48:55.383949
ord_b588c08e,19315.22,OTHER,OTHER,0,2026-08-11T00:48:55.383949
ord_c7a8e505,5938.15,INSUFFICIENT_FUNDS,INSUFFICIENT_FUNDS,1,2026-07-24T00:48:55.383949
ord_79f6f5b0,11925.45,EXPIRED_CARD,EXPIRED_CARD,0,2026-08-16T00:48:55.383949
ord_fd8a48d5,30741.05,OTHER,OTHER,0,2026-08-14T00:48:55.383949
ord_97cf7647,9731.41,ISSUER_TIMEOUT,ISSUER_TIMEOUT,1,2026-07-30T00:48:55.383949
ord_c345d4cc,46864.21,INSUFFICIENT_FUNDS,INSUFFICIENT_FUNDS,1,2026-08-09T00:48:55.383949
ord_01d3f7a3,18508.11,OTHER,OTHER,0,2026-08-07T00:48:55.383949
ord_c5481608,17279.6,OTHER,OTHER,0,2026-08-11T00:48:55.383949
ord_f547b9ad,17857.48,RISK_BLOCK,RISK_BLOCK,0,2026-08-01T00:48:55.383949
ord_40f86e8d,3303.43,INSUFFICIENT_FUNDS,INSUFFICIENT_FUNDS,0,2026-08-16T00:48:55.383949
ord_fe818918,9214.47,INSUFFICIENT_FUNDS,INSUFFICIENT_FUNDS,1,2026-07-30T00:48:55.383949
ord_ce1921ee,29697.06,RISK_BLOCK,RISK_BLOCK,0,2026-07-30T00:48:55.383949
ord_700f85d1,40240.31,RISK_BLOCK,RISK_BLOCK,0,2026-08-06T00:48:55.383949
ord_83b3ffee,39052.26,OTHER,OTHER,0,2026-08-19T00:48:55.383949
ord_ede517c0,14241.97,ISSUER_TIMEOUT,ISSUER_TIMEOUT,1,2026-08-06T00:48:55.383949
ord_6a856328,3381.15,INSUFFICIENT_FUNDS,INSUFFICIENT_FUNDS,1,2026-08-11T00:48:55.383949
ord_7cec6b50,13736.07,INSUFFICIENT_FUNDS,INSUFFICIENT_FUNDS,1,2026-07-30T00:48:55.383949
ord_3b4b40be,27680.5,EXPIRED_CARD,EXPIRED_CARD,1,2026-08-19T00:48:55.383949
ord_908677af,35555.32,INSUFFICIENT_FUNDS,INSUFFICIENT_FUNDS,1,2026-07-29T00:48:55.383949
ord_3ca322e0,10916.09,INSUFFICIENT_FUNDS,INSUFFICIENT_FUNDS,1,2026-08-05T00:48:55.383949
ord_35e0e091,34796.98,INSUFFICIENT_FUNDS,INSUFFICIENT_FUNDS,1,2026-08-22T00:48:55.383949
ord_6589225b,25344.97,INSUFFICIENT_FUNDS,INSUFFICIENT_FUNDS,1,2026-07-29T00:48:55.383949
ord_6d2b6dd4,10203.37,INSUFFICIENT_FUNDS,INSUFFICIENT_FUNDS,0,2026-08-03T00:48:55.383949
ord_9f01f064,36200.0,EXPIRED_CARD,EXPIRED_CARD,0,2026-08-21T00:48:55.383949
ord_6cf4fef0,23487.84,INSUFFICIENT_FUNDS,INSUFFICIENT_FUNDS,1,2026-08-05T00:48:55.383949
ord_52949453,21514.71,INSUFFICIENT_FUNDS,INSUFFICIENT_FUNDS,1,2026-08-19T00:48:55.383949
ord_f9bfb009,35583.61,ISSUER_TIMEOUT,ISSUER_TIMEOUT,1,2026-08-08T00:48:55.383949
ord_990bd1b8,40126.08,INSUFFICIENT_FUNDS,INSUFFICIENT_FUNDS,1,2026-07-26T00:48:55.383949
ord_880be36d,5769.64,INSUFFICIENT_FUNDS,INSUFFICIENT_FUNDS,1,2026-07-23T00:48:55.383949
ord_3655302b,32808.07,ISSUER_TIMEOUT,ISSUER_TIMEOUT,0,2026-08-14T00:48:55.383949
ord_25989526,10279.58,RISK_BLOCK,RISK_BLOCK,1,2026-08-02T00:48:55.383949
ord_ed74054c,26835.53,OTHER,OTHER,1,2026-08-08T00:48:55.383949
ord_52e930e6,42209.1,INSUFFICIENT_FUNDS,INSUFFICIENT_FUNDS,1,2026-07-27T00:48:55.383949
ord_949c8037,37906.86,ISSUER_TIMEOUT,ISSUER_TIMEOUT,1,2026-08-08T00:48:55.383949
ord_9514e975,5191.46,RISK_BLOCK,RISK_BLOCK,0,2026-08-14T00:48:55.383949
ord_0cd9974f,43563.53,INSUFFICIENT_FUNDS,INSUFFICIENT_FUNDS,1,2026-08-07T00:48:55.383949
ord_6c5e2c8d,46050.96,INSUFFICIENT_FUNDS,INSUFFICIENT_FUNDS,1,2026-08-10T00:48:55.383949
ord_35996867,43613.89,EXPIRED_CARD,EXPIRED_CARD,0,2026-07-27T00:48:55.383949
ord_1556c04c,14748.82,OTHER,OTHER,0,2026-07-26T00:48:55.383949
ord_174815e4,2053.69,EXPIRED_CARD,EXPIRED_CARD,0,2026-07-26T00:48:55.383949
ord_328cfcc0,29725.94,EXPIRED_CARD,EXPIRED_CARD,0,2026-08-02T00:48:55.383949
ord_3504ecbb,46759.99,ISSUER_TIMEOUT,ISSUER_TIMEOUT,1,2026-08-19T00:48:55.383949
ord_2d4fcc61,11790.67,RISK_BLOCK,RISK_BLOCK,0,2026-08-06T00:48:55.383949
ord_2d1a85cf,13250.33,INSUFFICIENT_FUNDS,INSUFFICIENT_FUNDS,0,2026-07-24T00:48:55.383949
ord_a7d1894f,44302.47,INSUFFICIENT_FUNDS,INSUFFICIENT_FUNDS,1,2026-07-30T00:48:55.383949
ord_3f43506b,20098.5,EXPIRED_CARD,EXPIRED_CARD,0,2026-08-22T00:48:55.383949
ord_32f9eac5,19375.19,INSUFFICIENT_FUNDS,INSUFFICIENT_FUNDS,1,2026-08-21T00:48:55.383949
ord_2d936a56,11687.18,INSUFFICIENT_FUNDS,INSUFFICIENT_FUNDS,0,2026-07-29T00:48:55.383949
ord_44511637,27638.32,INSUFFICIENT_FUNDS,INSUFFICIENT_FUNDS,1,2026-08-22T00:48:55.383949
ord_cb1def35,20079.95,EXPIRED_CARD,EXPIRED_CARD,0,2026-07-25T00:48:55.383949
ord_64ad16cf,48470.4,ISSUER_TIMEOUT,ISSUER_TIMEOUT,1,2026-07-30T00:48:55.383949
ord_c4ad6d80,45594.02,INSUFFICIENT_FUNDS,INSUFFICIENT_FUNDS,0,2026-08-17T00:48:55.383949
ord_a1787259,34935.07,EXPIRED_CARD,EXPIRED_CARD,0,2026-08-13T00:48:55.383949
ord_46a6e63b,10217.21,INSUFFICIENT_FUNDS,INSUFFICIENT_FUNDS,1,2026-08-10T00:48:55.383949
ord_a1bab64a,7163.45,INSUFFICIENT_FUNDS,INSUFFICIENT_FUNDS,1,2026-08-16T00:48:55.383949
ord_7a846a2f,31747.07,ISSUER_TIMEOUT,ISSUER_TIMEOUT,1,2026-08-12T00:48:55.383949
ord_c8cfa905,45375.27,INSUFFICIENT_FUNDS,INSUFFICIENT_FUNDS,1,2026-08-17T00:48:55.383949
ord_8890064d,46760.44,EXPIRED_CARD,EXPIRED_CARD,0,2026-07-25T00:48:55.383949
ord_6675d2e1,1186.87,OTHER,OTHER,0,2026-08-19T00:48:55.383949
ord_b87ceddc,40401.62,OTHER,OTHER,0,2026-08-01T00:48:55.383949
ord_d67a7af7,17743.85,OTHER,OTHER,1,2026-08-09T00:48:55.383949
ord_7cd123f9,756.63,EXPIRED_CARD,EXPIRED_CARD,1,2026-08-05T00:48:55.383949
ord_b6ee3807,34068.94,EXPIRED_CARD,EXPIRED_CARD,0,2026-08-20T00:48:55.383949
ord_86ba2ca8,1429.65,INSUFFICIENT_FUNDS,INSUFFICIENT_FUNDS,0,2026-08-16T00:48:55.383949
ord_05770d49,15728.49,INSUFFICIENT_FUNDS,INSUFFICIENT_FUNDS,1,2026-08-06T00:48:55.383949
ord_4e4467d4,25935.26,ISSUER_TIMEOUT,ISSUER_TIMEOUT,1,2026-08-11T00:48:55.383949
ord_4d6b83da,23134.44,EXPIRED_CARD,EXPIRED_CARD,0,2026-08-15T00:48:55.383949
ord_a7f401d3,15045.92,INSUFFICIENT_FUNDS,INSUFFICIENT_FUNDS,1,2026-08-17T00:48:55.383949
ord_225ff231,5513.86,ISSUER_TIMEOUT,ISSUER_TIMEOUT,1,2026-07-24T00:48:55.383949
ord_3428fe03,37917.39,INSUFFICIENT_FUNDS,INSUFFICIENT_FUNDS,0,2026-08-19T00:48:55.383949
ord_f5f8e964,36460.78,INSUFFICIENT_FUNDS,INSUFFICIENT_FUNDS,1,2026-08-04T00:48:55.383949
ord_bff41254,36458.71,OTHER,OTHER,0,2026-07-26T00:48:55.383949
ord_6061cf58,27997.33,INSUFFICIENT_FUNDS,INSUFFICIENT_FUNDS,1,2026-08-13T00:48:55.383949
ord_fb867afe,4801.6,OTHER,OTHER,0,2026-08-15T00:48:55.383949
ord_f4300923,12009.96,RISK_BLOCK,RISK_BLOCK,0,2026-08-04T00:48:55.383949
ord_11572dd5,33637.56,OTHER,OTHER,1,2026-08-20T00:48:55.383949
ord_6b1b72aa,32122.54,INSUFFICIENT_FUNDS,INSUFFICIENT_FUNDS,1,2026-07-27T00:48:55.383949
ord_45e96ca6,12546.66,ISSUER_TIMEOUT,ISSUER_TIMEOUT,1,2026-07-23T00:48:55.383949
ord_efb4f775,45923.96,INSUFFICIENT_FUNDS,INSUFFICIENT_FUNDS,0,2026-08-11T00:48:55.383949
ord_16fb5e73,47363.88,OTHER,OTHER,0,2026-08-20T00:48:55.383949
ord_f850367b,44903.1,EXPIRED_CARD,EXPIRED_CARD,0,2026-07-30T00:48:55.383949
ord_8883a5b7,45100.81,INSUFFICIENT_FUNDS,INSUFFICIENT_FUNDS,0,2026-08-11T00:48:55.383949
ord_8da6e094,9973.53,ISSUER_TIMEOUT,ISSUER_TIMEOUT,0,2026-07-28T00:48:55.383949
ord_0b975234,34900.73,EXPIRED_CARD,EXPIRED_CARD,0,2026-08-20T00:48:55.383949
ord_25a39644,22427.9,ISSUER_TIMEOUT,ISSUER_TIMEOUT,1,2026-08-15T00:48:55.383949
ord_3b31cc3b,39614.2,OTHER,OTHER,0,2026-08-21T00:48:55.383949
ord_144c24c8,20037.94,ISSUER_TIMEOUT,ISSUER_TIMEOUT,1,2026-07-29T00:48:55.383949
ord_69b15994,30849.53,EXPIRED_CARD,EXPIRED_CARD,0,2026-08-18T00:48:55.383949
ord_3d23b4ec,31751.08,OTHER,OTHER,0,2026-08-11T00:48:55.383949
ord_82306a98,11738.93,OTHER,OTHER,0,2026-08-10T00:48:55.383949
ord_e3dd64af,4532.72,EXPIRED_CARD,EXPIRED_CARD,0,2026-08-03T00:48:55.383949
ord_76adcccd,318.53,ISSUER_TIMEOUT,ISSUER_TIMEOUT,1,2026-07-23T00:48:55.383949
ord_1075c244,30995.99,EXPIRED_CARD,EXPIRED_CARD,0,2026-08-06T00:48:55.383949
ord_67d308d2,31110.62,INSUFFICIENT_FUNDS,INSUFFICIENT_FUNDS,1,2026-08-14T00:48:55.383949
ord_2c8fbbb0,30160.45,OTHER,OTHER,1,2026-07-23T00:48:55.383949
ord_8eb14206,11798.4,OTHER,OTHER,0,2026-08-14T00:48:55.383949
ord_01dcaa5d,36525.65,RISK_BLOCK,RISK_BLOCK,0,2026-08-09T00:48:55.383949
ord_e7339920,46085.13,OTHER,OTHER,1,2026-07-25T00:48:55.383949
ord_6f5ad816,4667.75,ISSUER_TIMEOUT,ISSUER_TIMEOUT,0,2026-08-13T00:48:55.383949
ord_df49565e,5824.99,ISSUER_TIMEOUT,ISSUER_TIMEOUT,1,2026-08-10T00:48:55.384468
ord_e6682cae,42067.54,INSUFFICIENT_FUNDS,INSUFFICIENT_FUNDS,1,2026-08-10T00:48:55.384468
ord_08baf496,25615.13,ISSUER_TIMEOUT,ISSUER_TIMEOUT,1,2026-08-16T00:48:55.384468
ord_6eaa4905,33170.71,INSUFFICIENT_FUNDS,INSUFFICIENT_FUNDS,1,2026-08-09T00:48:55.384468
ord_791bfbd0,7230.08,OTHER,OTHER,0,2026-08-05T00:48:55.384468
ord_2903cf4d,42752.53,ISSUER_TIMEOUT,ISSUER_TIMEOUT,0,2026-08-21T00:48:55.384468
ord_13796f66,2195.05,ISSUER_TIMEOUT,ISSUER_TIMEOUT,0,2026-07-30T00:48:55.384468
ord_beec2ef3,10003.87,INSUFFICIENT_FUNDS,INSUFFICIENT_FUNDS,0,2026-08-05T00:48:55.384468
ord_183fb834,39177.59,OTHER,OTHER,0,2026-08-22T00:48:55.384468
ord_3d5b0fce,2226.64,ISSUER_TIMEOUT,ISSUER_TIMEOUT,1,2026-07-27T00:48:55.384468
ord_7fd25ac3,17380.78,INSUFFICIENT_FUNDS,INSUFFICIENT_FUNDS,1,2026-08-15T00:48:55.384468
ord_84ba4029,1780.45,INSUFFICIENT_FUNDS,INSUFFICIENT_FUNDS,1,2026-08-07T00:48:55.384468
ord_2da6407b,9848.84,OTHER,OTHER,0,2026-07-29T00:48:55.384468
ord_9ebcf3a8,10149.05,EXPIRED_CARD,EXPIRED_CARD,0,2026-08-07T00:48:55.384468
ord_28040771,17168.56,INSUFFICIENT_FUNDS,INSUFFICIENT_FUNDS,0,2026-07-24T00:48:55.384468
ord_2788ab94,45656.88,INSUFFICIENT_FUNDS,INSUFFICIENT_FUNDS,1,2026-08-22T00:48:55.384468
ord_c7e6e7db,17497.22,EXPIRED_CARD,EXPIRED_CARD,1,2026-08-02T00:48:55.384468
ord_b92b5f62,22091.62,ISSUER_TIMEOUT,ISSUER_TIMEOUT,1,2026-07-23T00:48:55.384468
ord_f4c770a1,13187.46,ISSUER_TIMEOUT,ISSUER_TIMEOUT,1,2026-08-20T00:48:55.384468
ord_29576536,16588.52,OTHER,OTHER,0,2026-08-08T00:48:55.384468
ord_f02d644d,27456.46,EXPIRED_CARD,EXPIRED_CARD,0,2026-08-12T00:48:55.384468
ord_b4ae3013,16996.69,OTHER,OTHER,0,2026-08-06T00:48:55.384468
ord_c322dd2d,31131.45,INSUFFICIENT_FUNDS,INSUFFICIENT_FUNDS,1,2026-08-06T00:48:55.384468
ord_d40b411c,38827.03,ISSUER_TIMEOUT,ISSUER_TIMEOUT,1,2026-08-18T00:48:55.384468
ord_4e48adfb,22470.97,INSUFFICIENT_FUNDS,INSUFFICIENT_FUNDS,1,2026-08-12T00:48:55.384468
ord_788bb268,2412.08,ISSUER_TIMEOUT,ISSUER_TIMEOUT,1,2026-08-21T00:48:55.384468
ord_c862bb98,15118.52,INSUFFICIENT_FUNDS,INSUFFICIENT_FUNDS,0,2026-07-30T00:48:55.384468
ord_e126dcfd,48949.19,RISK_BLOCK,RISK_BLOCK,0,2026-08-21T00:48:55.384468
ord_53ddb6fe,27158.77,INSUFFICIENT_FUNDS,INSUFFICIENT_FUNDS,0,2026-08-16T00:48:55.384468
ord_41b045ad,2715.4,EXPIRED_CARD,EXPIRED_CARD,0,2026-08-07T00:48:55.384468
ord_3dd78ad3,24788.61,INSUFFICIENT_FUNDS,INSUFFICIENT_FUNDS,0,2026-08-09T00:48:55.384468
ord_d644c141,11141.34,OTHER,OTHER,0,2026-07-30T00:48:55.384468
ord_ea0df598,49664.84,EXPIRED_CARD,EXPIRED_CARD,0,2026-07-29T00:48:55.384468
ord_84448515,20068.1,EXPIRED_CARD,EXPIRED_CARD,0,2026-08-12T00:48:55.384468
ord_0eb05816,10373.52,RISK_BLOCK,RISK_BLOCK,0,2026-08-02T00:48:55.384468
ord_8bd6e816,33764.85,ISSUER_TIMEOUT,ISSUER_TIMEOUT,1,2026-08-14T00:48:55.384468
ord_671acd95,15575.17,INSUFFICIENT_FUNDS,INSUFFICIENT_FUNDS,0,2026-08-03T00:48:55.384468
ord_ec25d8d6,200.98,EXPIRED_CARD,EXPIRED_CARD,0,2026-08-04T00:48:55.384468
ord_5af7a0d6,22129.15,INSUFFICIENT_FUNDS,INSUFFICIENT_FUNDS,0,2026-08-18T00:48:55.384468
ord_6e2d562a,44916.84,EXPIRED_CARD,EXPIRED_CARD,0,2026-08-03T00:48:55.384468
ord_6ffaef9c,49873.58,INSUFFICIENT_FUNDS,INSUFFICIENT_FUNDS,0,2026-08-15T00:48:55.384468
ord_eac6eb33,35071.89,EXPIRED_CARD,EXPIRED_CARD,0,2026-08-09T00:48:55.384468
ord_ae40254f,7091.99,OTHER,OTHER,1,2026-07-23T00:48:55.384468
ord_4f7b14b5,22222.24,INSUFFICIENT_FUNDS,INSUFFICIENT_FUNDS,1,2026-07-28T00:48:55.384468
ord_51780372,1036.27,INSUFFICIENT_FUNDS,INSUFFICIENT_FUNDS,0,2026-07-30T00:48:55.384468
ord_e7297833,28744.54,INSUFFICIENT_FUNDS,INSUFFICIENT_FUNDS,1,2026-08-16T00:48:55.384468
ord_a3997b47,17588.65,OTHER,OTHER,0,2026-08-16T00:48:55.384468
ord_0a8d187f,520.46,OTHER,OTHER,1,2026-07-29T00:48:55.384468
ord_afab10bf,32272.07,RISK_BLOCK,RISK_BLOCK,0,2026-08-02T00:48:55.384468
ord_d584e6b9,29998.56,OTHER,OTHER,0,2026-07-23T00:48:55.384468
ord_b68686d0,27458.46,OTHER,OTHER,0,2026-08-09T00:48:55.384468
ord_dd5ca36e,49148.35,INSUFFICIENT_FUNDS,INSUFFICIENT_FUNDS,0,2026-07-27T00:48:55.384468
ord_7d9897c5,1707.24,ISSUER_TIMEOUT,ISSUER_TIMEOUT,1,2026-08-14T00:48:55.384468
ord_46333e12,42761.03,ISSUER_TIMEOUT,ISSUER_TIMEOUT,1,2026-08-06T00:48:55.384468
ord_68d1b712,13654.16,INSUFFICIENT_FUNDS,INSUFFICIENT_FUNDS,1,2026-08-18T00:48:55.384468
ord_b3431096,36771.39,INSUFFICIENT_FUNDS,INSUFFICIENT_FUNDS,1,2026-08-04T00:48:55.384468
ord_8a0894bd,469.71,INSUFFICIENT_FUNDS,INSUFFICIENT_FUNDS,1,2026-08-20T00:48:55.384468
ord_c9092562,27293.24,INSUFFICIENT_FUNDS,INSUFFICIENT_FUNDS,0,2026-08-11T00:48:55.384468
ord_f1ffe5cb,35249.05,OTHER,OTHER,0,2026-08-07T00:48:55.384468
ord_758d44db,42239.16,EXPIRED_CARD,EXPIRED_CARD,0,2026-08-04T00:48:55.384468
ord_5783f676,11524.88,INSUFFICIENT_FUNDS,INSUFFICIENT_FUNDS,1,2026-07-26T00:48:55.384468
ord_72ea5db4,44161.59,INSUFFICIENT_FUNDS,INSUFFICIENT_FUNDS,0,2026-08-22T00:48:55.384468
ord_b5603a6d,44549.0,ISSUER_TIMEOUT,ISSUER_TIMEOUT,1,2026-08-07T00:48:55.384468
ord_18a7d1d0,21218.21,ISSUER_TIMEOUT,ISSUER_TIMEOUT,1,2026-08-09T00:48:55.384468
ord_1876b831,11383.59,ISSUER_TIMEOUT,ISSUER_TIMEOUT,1,2026-08-01T00:48:55.384468
ord_95765085,34190.0,INSUFFICIENT_FUNDS,INSUFFICIENT_FUNDS,0,2026-08-16T00:48:55.384468
ord_4c30f6b6,18535.69,RISK_BLOCK,RISK_BLOCK,0,2026-08-15T00:48:55.384468
ord_13a8bfd4,17566.53,INSUFFICIENT_FUNDS,INSUFFICIENT_FUNDS,1,2026-08-11T00:48:55.384468
ord_d3c86655,27453.03,EXPIRED_CARD,EXPIRED_CARD,0,2026-08-17T00:48:55.384468
ord_4e0728a3,33344.06,INSUFFICIENT_FUNDS,INSUFFICIENT_FUNDS,1,2026-07-25T00:48:55.384468
ord_4e4d663c,42175.39,EXPIRED_CARD,EXPIRED_CARD,0,2026-07-28T00:48:55.384468
ord_a633da96,9227.45,EXPIRED_CARD,EXPIRED_CARD,0,2026-07-26T00:48:55.384468
ord_72683e2f,35319.73,INSUFFICIENT_FUNDS,INSUFFICIENT_FUNDS,0,2026-07-27T00:48:55.384468
ord_7cd3cfc4,20202.02,INSUFFICIENT_FUNDS,INSUFFICIENT_FUNDS,0,2026-07-31T00:48:55.384468
ord_621d3ccd,34382.72,EXPIRED_CARD,EXPIRED_CARD,0,2026-08-21T00:48:55.384468
ord_b5e7efb7,11797.45,INSUFFICIENT_FUNDS,INSUFFICIENT_FUNDS,1,2026-07-28T00:48:55.384468
ord_a8838ee1,43670.29,INSUFFICIENT_FUNDS,INSUFFICIENT_FUNDS,1,2026-07-23T00:48:55.384468
ord_52f5594f,16872.32,INSUFFICIENT_FUNDS,INSUFFICIENT_FUNDS,0,2026-08-02T00:48:55.384468
ord_7de8f0b5,13564.86,INSUFFICIENT_FUNDS,INSUFFICIENT_FUNDS,1,2026-08-07T00:48:55.384468
ord_681b169e,17441.2,INSUFFICIENT_FUNDS,INSUFFICIENT_FUNDS,1,2026-08-02T00:48:55.384468
ord_b5f909f2,21026.04,ISSUER_TIMEOUT,ISSUER_TIMEOUT,1,2026-08-11T00:48:55.384468
ord_2128af3f,16298.3,INSUFFICIENT_FUNDS,INSUFFICIENT_FUNDS,0,2026-07-28T00:48:55.384468
ord_c5fda7ca,28465.41,EXPIRED_CARD,EXPIRED_CARD,0,2026-08-09T00:48:55.384468
ord_5a76ad3d,19719.84,EXPIRED_CARD,EXPIRED_CARD,0,2026-07-28T00:48:55.384468
ord_ce873faf,37647.88,ISSUER_TIMEOUT,ISSUER_TIMEOUT,0,2026-07-28T00:48:55.384468
ord_32e75765,25554.7,OTHER,OTHER,0,2026-08-21T00:48:55.384468
ord_582a2ed3,8991.14,ISSUER_TIMEOUT,ISSUER_TIMEOUT,0,2026-07-24T00:48:55.384468
ord_30412679,37139.19,RISK_BLOCK,RISK_BLOCK,0,2026-08-19T00:48:55.384468
ord_59de7dfe,41001.06,OTHER,OTHER,0,2026-08-18T00:48:55.384468
ord_9fd632e1,1236.81,RISK_BLOCK,RISK_BLOCK,0,2026-08-19T00:48:55.384468
ord_f777b70f,40198.54,INSUFFICIENT_FUNDS,INSUFFICIENT_FUNDS,0,2026-08-10T00:48:55.384468
ord_9c1e3ecb,13547.46,OTHER,OTHER,1,2026-08-15T00:48:55.384468
ord_6fcbe0c7,41271.73,ISSUER_TIMEOUT,ISSUER_TIMEOUT,1,2026-08-19T00:48:55.384468
ord_fb61e12e,36295.17,INSUFFICIENT_FUNDS,INSUFFICIENT_FUNDS,1,2026-08-15T00:48:55.384468
ord_ba29ac11,48827.23,EXPIRED_CARD,EXPIRED_CARD,0,2026-08-14T00:48:55.384468
ord_ac3b9b3c,7996.76,OTHER,OTHER,0,2026-07-27T00:48:55.384468
ord_24a02a67,28553.44,ISSUER_TIMEOUT,ISSUER_TIMEOUT,0,2026-08-04T00:48:55.384468
ord_43a31cf4,21170.54,OTHER,OTHER,0,2026-08-01T00:48:55.384468
ord_1279f3f0,48880.88,INSUFFICIENT_FUNDS,INSUFFICIENT_FUNDS,1,2026-07-28T00:48:55.384468
ord_3f6f81c6,11891.69,EXPIRED_CARD,EXPIRED_CARD,0,2026-08-11T00:48:55.384468
ord_4b8b43e5,27257.43,EXPIRED_CARD,EXPIRED_CARD,0,2026-08-13T00:48:55.384468
ord_caefafcb,48849.54,ISSUER_TIMEOUT,ISSUER_TIMEOUT,1,2026-08-04T00:48:55.384468
ord_f84c57e0,37490.78,ISSUER_TIMEOUT,ISSUER_TIMEOUT,1,2026-08-03T00:48:55.384468
ord_7d595f92,43334.43,INSUFFICIENT_FUNDS,INSUFFICIENT_FUNDS,0,2026-08-20T00:48:55.384468
ord_5dfb37e8,1485.8,ISSUER_TIMEOUT,ISSUER_TIMEOUT,1,2026-08-06T00:48:55.384468
ord_c55f9c1c,11825.49,OTHER,OTHER,0,2026-08-19T00:48:55.384468
ord_2567108f,10673.19,INSUFFICIENT_FUNDS,INSUFFICIENT_FUNDS,1,2026-08-11T00:48:55.384468
ord_395b2b81,43155.55,ISSUER_TIMEOUT,ISSUER_TIMEOUT,1,2026-08-01T00:48:55.384468
ord_baca0d90,39601.07,INSUFFICIENT_FUNDS,INSUFFICIENT_FUNDS,1,2026-08-05T00:48:55.384468
ord_4049351b,20074.98,INSUFFICIENT_FUNDS,INSUFFICIENT_FUNDS,1,2026-08-16T00:48:55.384468
ord_61570b33,41895.28,RISK_BLOCK,RISK_BLOCK,0,2026-08-15T00:48:55.384468
ord_8622d6f2,3009.5,INSUFFICIENT_FUNDS,INSUFFICIENT_FUNDS,1,2026-07-29T00:48:55.384468
ord_c700f603,49146.74,EXPIRED_CARD,EXPIRED_CARD,0,2026-08-05T00:48:55.384468
ord_a64da124,43565.91,INSUFFICIENT_FUNDS,INSUFFICIENT_FUNDS,1,2026-07-25T00:48:55.384468
ord_516e6684,4856.55,ISSUER_TIMEOUT,ISSUER_TIMEOUT,1,2026-08-04T00:48:55.384468
ord_1d7381ca,22467.77,EXPIRED_CARD,EXPIRED_CARD,1,2026-08-04T00:48:55.384468
ord_4055c673,46182.67,EXPIRED_CARD,EXPIRED_CARD,0,2026-08-05T00:48:55.384468
ord_6a0696a7,1144.07,ISSUER_TIMEOUT,ISSUER_TIMEOUT,1,2026-07-26T00:48:55.384468
ord_bd6ee728,13956.44,INSUFFICIENT_FUNDS,INSUFFICIENT_FUNDS,0,2026-08-17T00:48:55.384468
ord_b40c360f,44396.86,ISSUER_TIMEOUT,ISSUER_TIMEOUT,1,2026-08-12T00:48:55.384468
ord_d4c53d73,29901.64,OTHER,OTHER,0,2026-08-06T00:48:55.384468
ord_a350ed7a,8499.01,INSUFFICIENT_FUNDS,INSUFFICIENT_FUNDS,0,2026-08-17T00:48:55.384468
ord_c5255b56,41556.59,OTHER,OTHER,0,2026-08-13T00:48:55.384468
ord_624571aa,7441.4,OTHER,OTHER,0,2026-08-08T00:48:55.384468
ord_76f33c56,13348.88,INSUFFICIENT_FUNDS,INSUFFICIENT_FUNDS,1,2026-07-28T00:48:55.384468
ord_e30a2c3b,17319.63,ISSUER_TIMEOUT,ISSUER_TIMEOUT,1,2026-08-14T00:48:55.384468
ord_637df2ba,24040.58,OTHER,OTHER,1,2026-08-18T00:48:55.384468
ord_6ebf91c0,4752.92,INSUFFICIENT_FUNDS,INSUFFICIENT_FUNDS,1,2026-08-15T00:48:55.384468
ord_d73d7142,13223.18,ISSUER_TIMEOUT,ISSUER_TIMEOUT,1,2026-08-20T00:48:55.384468
ord_a0b3ed85,6969.35,EXPIRED_CARD,EXPIRED_CARD,0,2026-08-10T00:48:55.384468
ord_01a399f6,46175.17,OTHER,OTHER,0,2026-08-12T00:48:55.384468
ord_d9e33b7f,41596.02,ISSUER_TIMEOUT,ISSUER_TIMEOUT,1,2026-08-22T00:48:55.384468
ord_2592d782,24295.83,ISSUER_TIMEOUT,ISSUER_TIMEOUT,1,2026-08-19T00:48:55.384468
ord_f7d8e7c4,13516.45,OTHER,OTHER,1,2026-08-06T00:48:55.384468
ord_66072a68,5510.34,INSUFFICIENT_FUNDS,INSUFFICIENT_FUNDS,1,2026-08-21T00:48:55.384468
ord_a1622dc8,45512.83,INSUFFICIENT_FUNDS,INSUFFICIENT_FUNDS,1,2026-07-31T00:48:55.384468
ord_435e6aba,17686.75,INSUFFICIENT_FUNDS,INSUFFICIENT_FUNDS,0,2026-08-05T00:48:55.384468
ord_c2ebc385,21312.11,INSUFFICIENT_FUNDS,INSUFFICIENT_FUNDS,1,2026-07-26T00:48:55.384468
ord_48d1ceb4,22151.6,ISSUER_TIMEOUT,ISSUER_TIMEOUT,1,2026-08-15T00:48:55.384468
ord_86ffba57,31067.8,INSUFFICIENT_FUNDS,INSUFFICIENT_FUNDS,1,2026-07-26T00:48:55.384468
ord_517ecb6b,14229.11,ISSUER_TIMEOUT,ISSUER_TIMEOUT,1,2026-08-02T00:48:55.384468
ord_7eb780ad,18927.66,ISSUER_TIMEOUT,ISSUER_TIMEOUT,1,2026-08-11T00:48:55.384468
ord_97ea1827,19306.81,INSUFFICIENT_FUNDS,INSUFFICIENT_FUNDS,1,2026-08-01T00:48:55.384468
ord_82280c17,40434.43,INSUFFICIENT_FUNDS,INSUFFICIENT_FUNDS,1,2026-07-31T00:48:55.384468
ord_c9832ce1,12936.74,RISK_BLOCK,RISK_BLOCK,0,2026-08-06T00:48:55.384468
ord_20712b1c,144.46,ISSUER_TIMEOUT,ISSUER_TIMEOUT,0,2026-08-15T00:48:55.384468
ord_ae431e22,31796.5,OTHER,OTHER,0,2026-07-26T00:48:55.384468
ord_c063ff8b,7163.23,INSUFFICIENT_FUNDS,INSUFFICIENT_FUNDS,1,2026-07-27T00:48:55.384468
ord_c3e468f8,27575.28,ISSUER_TIMEOUT,ISSUER_TIMEOUT,1,2026-08-11T00:48:55.384468
ord_57a4f47b,19345.16,INSUFFICIENT_FUNDS,INSUFFICIENT_FUNDS,1,2026-08-17T00:48:55.384468
ord_ec679059,46047.65,INSUFFICIENT_FUNDS,INSUFFICIENT_FUNDS,0,2026-08-21T00:48:55.384468
ord_6cb88c5a,2073.33,RISK_BLOCK,RISK_BLOCK,0,2026-07-24T00:48:55.384468
ord_af0121a8,49020.16,OTHER,OTHER,0,2026-08-15T00:48:55.384468
ord_6c7360af,40219.49,INSUFFICIENT_FUNDS,INSUFFICIENT_FUNDS,1,2026-08-15T00:48:55.384468
ord_0359dc33,28645.49,ISSUER_TIMEOUT,ISSUER_TIMEOUT,1,2026-07-28T00:48:55.384468
ord_f9d60019,6101.35,INSUFFICIENT_FUNDS,INSUFFICIENT_FUNDS,0,2026-08-19T00:48:55.384468
ord_372a29f8,31242.88,INSUFFICIENT_FUNDS,INSUFFICIENT_FUNDS,1,2026-08-10T00:48:55.384468
ord_73e95880,44766.58,OTHER,OTHER,0,2026-08-18T00:48:55.384468
ord_e9aa609e,11850.39,ISSUER_TIMEOUT,ISSUER_TIMEOUT,1,2026-08-04T00:48:55.384468
ord_77f418d3,14149.49,ISSUER_TIMEOUT,ISSUER_TIMEOUT,1,2026-08-04T00:48:55.384468
ord_baf3b4cf,32006.73,INSUFFICIENT_FUNDS,INSUFFICIENT_FUNDS,0,2026-08-19T00:48:55.384468
ord_c21a497b,15237.05,INSUFFICIENT_FUNDS,INSUFFICIENT_FUNDS,0,2026-07-31T00:48:55.384468
ord_8cc7d8f0,22893.68,RISK_BLOCK,RISK_BLOCK,0,2026-08-02T00:48:55.384468
ord_7360b74f,45550.04,ISSUER_TIMEOUT,ISSUER_TIMEOUT,1,2026-08-20T00:48:55.384468
ord_bf92204b,1803.83,ISSUER_TIMEOUT,ISSUER_TIMEOUT,1,2026-08-08T00:48:55.384468
ord_5a047bd8,26786.78,INSUFFICIENT_FUNDS,INSUFFICIENT_FUNDS,0,2026-07-28T00:48:55.384468
ord_c83aa376,16704.64,EXPIRED_CARD,EXPIRED_CARD,1,2026-08-20T00:48:55.384468
ord_68b83fe5,3474.39,EXPIRED_CARD,EXPIRED_CARD,0,2026-08-05T00:48:55.384468
ord_b03bbf43,34361.41,INSUFFICIENT_FUNDS,INSUFFICIENT_FUNDS,1,2026-08-08T00:48:55.384468
ord_f5e4185d,3106.84,INSUFFICIENT_FUNDS,INSUFFICIENT_FUNDS,1,2026-08-22T00:48:55.384468
ord_7f42211f,36093.39,INSUFFICIENT_FUNDS,INSUFFICIENT_FUNDS,1,2026-08-05T00:48:55.384468
ord_63e2e3fb,2563.6,ISSUER_TIMEOUT,ISSUER_TIMEOUT,1,2026-08-08T00:48:55.384468
ord_2eef21ec,1992.7,RISK_BLOCK,RISK_BLOCK,0,2026-08-04T00:48:55.384468
ord_b5728445,10622.69,OTHER,OTHER,1,2026-08-07T00:48:55.384468
ord_3fec51b4,10267.97,EXPIRED_CARD,EXPIRED_CARD,0,2026-08-21T00:48:55.384468
ord_17195edb,47478.28,INSUFFICIENT_FUNDS,INSUFFICIENT_FUNDS,1,2026-07-24T00:48:55.384468
ord_2322161f,128.52,OTHER,OTHER,0,2026-08-05T00:48:55.384468
ord_d73c8d61,45976.1,EXPIRED_CARD,EXPIRED_CARD,0,2026-07-28T00:48:55.384468
ord_efde46c7,7484.32,INSUFFICIENT_FUNDS,INSUFFICIENT_FUNDS,1,2026-07-30T00:48:55.384468
ord_4e1d7929,1958.2,OTHER,OTHER,1,2026-08-19T00:48:55.384468
ord_039eee79,49258.19,ISSUER_TIMEOUT,ISSUER_TIMEOUT,0,2026-07-27T00:48:55.384468
ord_08ac8331,31016.41,OTHER,OTHER,0,2026-08-07T00:48:55.384468
ord_984befb4,16457.31,ISSUER_TIMEOUT,ISSUER_TIMEOUT,1,2026-08-22T00:48:55.384468
ord_eeeecbf6,26876.03,RISK_BLOCK,RISK_BLOCK,0,2026-08-02T00:48:55.384468
ord_558ae5df,39816.21,OTHER,OTHER,1,2026-08-11T00:48:55.384468
ord_02c328b3,22216.08,ISSUER_TIMEOUT,ISSUER_TIMEOUT,1,2026-07-25T00:48:55.384468
ord_67646714,18052.81,OTHER,OTHER,1,2026-07-30T00:48:55.384468
ord_14f8f0ab,32984.87,INSUFFICIENT_FUNDS,INSUFFICIENT_FUNDS,1,2026-07-28T00:48:55.384468
ord_3ce92479,29461.74,ISSUER_TIMEOUT,ISSUER_TIMEOUT,1,2026-08-03T00:48:55.384468
ord_53bf3cda,23844.04,RISK_BLOCK,RISK_BLOCK,0,2026-08-20T00:48:55.384468
ord_f5af3a19,47307.13,OTHER,OTHER,0,2026-08-22T00:48:55.384468
ord_dbd06342,9957.21,INSUFFICIENT_FUNDS,INSUFFICIENT_FUNDS,1,2026-08-19T00:48:55.384468
ord_f81a92c3,15708.46,ISSUER_TIMEOUT,ISSUER_TIMEOUT,1,2026-08-21T00:48:55.384468
ord_f2dde208,31717.05,ISSUER_TIMEOUT,ISSUER_TIMEOUT,0,2026-08-09T00:48:55.384468
ord_2f550fba,36945.85,RISK_BLOCK,RISK_BLOCK,0,2026-08-01T00:48:55.384468
ord_7074f645,13033.41,INSUFFICIENT_FUNDS,INSUFFICIENT_FUNDS,0,2026-08-04T00:48:55.384468
ord_4d5bb20d,8747.09,OTHER,OTHER,0,2026-08-12T00:48:55.384468
ord_77ac40ef,18441.59,OTHER,OTHER,0,2026-08-18T00:48:55.384468
ord_d8a5089c,2512.88,EXPIRED_CARD,EXPIRED_CARD,0,2026-08-11T00:48:55.384468
ord_8e65d5e0,15137.82,INSUFFICIENT_FUNDS,INSUFFICIENT_FUNDS,1,2026-08-08T00:48:55.384468
ord_9507146b,38705.87,EXPIRED_CARD,EXPIRED_CARD,0,2026-07-30T00:48:55.384468
ord_244a54ea,10722.77,EXPIRED_CARD,EXPIRED_CARD,0,2026-07-28T00:48:55.384468
ord_5169df13,26850.53,OTHER,OTHER,0,2026-07-30T00:48:55.384468
ord_b7a69d1f,16177.8,OTHER,OTHER,0,2026-08-14T00:48:55.384468
ord_64b06ce9,4845.98,INSUFFICIENT_FUNDS,INSUFFICIENT_FUNDS,1,2026-07-26T00:48:55.384468
ord_0b22ab23,49515.65,EXPIRED_CARD,EXPIRED_CARD,1,2026-08-09T00:48:55.384468
ord_dc4de7ce,15645.85,ISSUER_TIMEOUT,ISSUER_TIMEOUT,1,2026-08-18T00:48:55.384468
ord_7f9f21de,48648.98,ISSUER_TIMEOUT,ISSUER_TIMEOUT,1,2026-07-28T00:48:55.384468
ord_b3cecc59,40964.5,ISSUER_TIMEOUT,ISSUER_TIMEOUT,1,2026-08-05T00:48:55.384468
ord_1ec6cc3c,3020.09,EXPIRED_CARD,EXPIRED_CARD,0,2026-08-09T00:48:55.384468
ord_4eb72efe,15476.13,EXPIRED_CARD,EXPIRED_CARD,0,2026-08-03T00:48:55.384468
ord_47983f2f,43867.21,EXPIRED_CARD,EXPIRED_CARD,0,2026-07-23T00:48:55.384468
ord_9e0f127e,49593.42,INSUFFICIENT_FUNDS,INSUFFICIENT_FUNDS,1,2026-08-13T00:48:55.384468
ord_f2220f1c,41736.32,EXPIRED_CARD,EXPIRED_CARD,0,2026-08-02T00:48:55.384468
ord_dd3bbef4,25155.45,OTHER,OTHER,1,2026-08-11T00:48:55.384468
ord_ed9da84e,5862.71,ISSUER_TIMEOUT,ISSUER_TIMEOUT,1,2026-08-10T00:48:55.384468
ord_478cc69d,19367.34,ISSUER_TIMEOUT,ISSUER_TIMEOUT,0,2026-08-20T00:48:55.384468
ord_86ff0522,27134.42,INSUFFICIENT_FUNDS,INSUFFICIENT_FUNDS,1,2026-07-24T00:48:55.384468
ord_a40a5916,10702.62,INSUFFICIENT_FUNDS,INSUFFICIENT_FUNDS,1,2026-08-12T00:48:55.384468
ord_5d2abae6,37225.31,INSUFFICIENT_FUNDS,INSUFFICIENT_FUNDS,1,2026-07-26T00:48:55.384468
ord_6d8ed70d,26311.0,INSUFFICIENT_FUNDS,INSUFFICIENT_FUNDS,0,2026-08-08T00:48:55.384468
ord_80576277,43278.59,INSUFFICIENT_FUNDS,INSUFFICIENT_FUNDS,0,2026-07-31T00:48:55.384468
ord_596974c7,21946.93,INSUFFICIENT_FUNDS,INSUFFICIENT_FUNDS,1,2026-08-05T00:48:55.384468
ord_b1e2cf35,32744.83,ISSUER_TIMEOUT,ISSUER_TIMEOUT,1,2026-08-06T00:48:55.384468
ord_3da9dafe,37514.29,INSUFFICIENT_FUNDS,INSUFFICIENT_FUNDS,1,2026-07-31T00:48:55.384468
ord_9aeb53a3,36105.18,INSUFFICIENT_FUNDS,INSUFFICIENT_FUNDS,1,2026-08-16T00:48:55.384468
ord_39e916f9,12155.88,INSUFFICIENT_FUNDS,INSUFFICIENT_FUNDS,1,2026-08-22T00:48:55.384468
ord_4a2e39e0,6822.22,INSUFFICIENT_FUNDS,INSUFFICIENT_FUNDS,1,2026-07-23T00:48:55.384468
ord_cc35b4a4,46246.81,EXPIRED_CARD,EXPIRED_CARD,0,2026-08-06T00:48:55.384468
ord_c7353812,11909.67,EXPIRED_CARD,EXPIRED_CARD,0,2026-07-31T00:48:55.384468
ord_e5a93067,14289.53,RISK_BLOCK,RISK_BLOCK,1,2026-08-13T00:48:55.384468
ord_87bad951,4481.38,RISK_BLOCK,RISK_BLOCK,0,2026-08-19T00:48:55.384468
ord_6258dfe3,17839.04,EXPIRED_CARD,EXPIRED_CARD,0,2026-07-29T00:48:55.384468
ord_af8fa821,40142.39,ISSUER_TIMEOUT,ISSUER_TIMEOUT,1,2026-08-03T00:48:55.384468
ord_1c7160ba,49565.65,INSUFFICIENT_FUNDS,INSUFFICIENT_FUNDS,0,2026-08-06T00:48:55.384468
ord_1ed04dcd,5176.97,RISK_BLOCK,RISK_BLOCK,1,2026-07-24T00:48:55.384468
ord_4b02a65d,26722.3,ISSUER_TIMEOUT,ISSUER_TIMEOUT,1,2026-07-23T00:48:55.384468
ord_6c353732,9164.5,RISK_BLOCK,RISK_BLOCK,0,2026-07-30T00:48:55.384468
ord_c9e3ece7,42176.93,INSUFFICIENT_FUNDS,INSUFFICIENT_FUNDS,0,2026-07-30T00:48:55.384468
ord_05a7cd9c,25456.14,RISK_BLOCK,RISK_BLOCK,1,2026-07-23T00:48:55.384468
ord_26a32738,5238.03,INSUFFICIENT_FUNDS,INSUFFICIENT_FUNDS,1,2026-08-04T00:48:55.384468
ord_1cbf8623,39066.87,INSUFFICIENT_FUNDS,INSUFFICIENT_FUNDS,1,2026-08-09T00:48:55.384468
ord_8b9510e0,21753.73,ISSUER_TIMEOUT,ISSUER_TIMEOUT,1,2026-08-19T00:48:55.384468
ord_eb9450b3,46722.24,INSUFFICIENT_FUNDS,INSUFFICIENT_FUNDS,1,2026-08-09T00:48:55.384468
ord_50088e7c,40309.68,EXPIRED_CARD,EXPIRED_CARD,0,2026-08-20T00:48:55.384468
ord_cc8f44e1,41823.63,ISSUER_TIMEOUT,ISSUER_TIMEOUT,1,2026-08-03T00:48:55.384468
ord_fd5c9b19,11712.24,EXPIRED_CARD,EXPIRED_CARD,0,2026-08-07T00:48:55.384468
ord_0943d7ea,38503.69,OTHER,OTHER,1,2026-08-02T00:48:55.384468
ord_820e2796,33928.58,OTHER,OTHER,0,2026-08-09T00:48:55.384468
ord_63ead503,24284.68,INSUFFICIENT_FUNDS,INSUFFICIENT_FUNDS,0,2026-08-12T00:48:55.384468
ord_eb243020,10356.97,EXPIRED_CARD,EXPIRED_CARD,0,2026-07-30T00:48:55.384468
ord_bc109468,14799.98,INSUFFICIENT_FUNDS,INSUFFICIENT_FUNDS,1,2026-07-24T00:48:55.384468
ord_f761f113,6102.06,ISSUER_TIMEOUT,ISSUER_TIMEOUT,1,2026-08-04T00:48:55.384468
ord_cd074224,27729.26,INSUFFICIENT_FUNDS,INSUFFICIENT_FUNDS,1,2026-08-19T00:48:55.384468
ord_1cc116f1,27107.42,ISSUER_TIMEOUT,ISSUER_TIMEOUT,1,2026-07-24T00:48:55.384468
ord_842fda6e,43706.6,RISK_BLOCK,RISK_BLOCK,0,2026-08-05T00:48:55.384468
ord_545f8091,7542.78,EXPIRED_CARD,EXPIRED_CARD,0,2026-08-19T00:48:55.384468
ord_155095b4,10761.27,OTHER,OTHER,1,2026-08-02T00:48:55.384468
ord_fa74aaf8,28885.79,OTHER,OTHER,0,2026-07-26T00:48:55.384468
ord_3061b9b6,19119.63,OTHER,OTHER,0,2026-08-07T00:48:55.384468
ord_d0858df2,7848.04,OTHER,OTHER,1,2026-08-14T00:48:55.384468
ord_7f1e1480,46089.04,OTHER,OTHER,0,2026-08-11T00:48:55.384468
ord_3e9ec037,48161.81,ISSUER_TIMEOUT,ISSUER_TIMEOUT,1,2026-08-17T00:48:55.384468
ord_64b29c74,33720.09,INSUFFICIENT_FUNDS,INSUFFICIENT_FUNDS,1,2026-08-03T00:48:55.384468
ord_3c44c19f,42134.68,RISK_BLOCK,RISK_BLOCK,1,2026-08-22T00:48:55.384468
ord_ed669a40,44153.53,ISSUER_TIMEOUT,ISSUER_TIMEOUT,1,2026-08-06T00:48:55.384468
ord_330b9245,21172.3,INSUFFICIENT_FUNDS,INSUFFICIENT_FUNDS,1,2026-08-10T00:48:55.384468
ord_cfaaff34,41454.7,INSUFFICIENT_FUNDS,INSUFFICIENT_FUNDS,1,2026-08-06T00:48:55.384468
ord_2fc56575,5795.22,INSUFFICIENT_FUNDS,INSUFFICIENT_FUNDS,1,2026-08-22T00:48:55.384468
ord_87cb5a44,24909.26,INSUFFICIENT_FUNDS,INSUFFICIENT_FUNDS,0,2026-08-03T00:48:55.384468
ord_4bee8340,19669.18,INSUFFICIENT_FUNDS,INSUFFICIENT_FUNDS,1,2026-07-29T00:48:55.384468
ord_e8d8853e,2047.88,RISK_BLOCK,RISK_BLOCK,0,2026-08-16T00:48:55.384468
ord_f5f700c4,1612.83,INSUFFICIENT_FUNDS,INSUFFICIENT_FUNDS,0,2026-08-11T00:48:55.384468
ord_a28e4f3e,31378.81,RISK_BLOCK,RISK_BLOCK,1,2026-08-04T00:48:55.384468
ord_06b966af,27454.84,EXPIRED_CARD,EXPIRED_CARD,0,2026-07-23T00:48:55.384468
ord_1726cbe2,29123.41,INSUFFICIENT_FUNDS,INSUFFICIENT_FUNDS,1,2026-08-04T00:48:55.384468
ord_57b1e740,40523.8,ISSUER_TIMEOUT,ISSUER_TIMEOUT,1,2026-07-29T00:48:55.384468
ord_3cb1bd76,42972.04,INSUFFICIENT_FUNDS,INSUFFICIENT_FUNDS,1,2026-08-13T00:48:55.384468
ord_5159602f,10439.58,EXPIRED_CARD,EXPIRED_CARD,0,2026-08-01T00:48:55.384468
ord_6bf456c8,7752.43,EXPIRED_CARD,EXPIRED_CARD,0,2026-08-09T00:48:55.384468
ord_ae04fd9f,32453.93,ISSUER_TIMEOUT,ISSUER_TIMEOUT,1,2026-07-30T00:48:55.384468
ord_807efb85,22088.9,INSUFFICIENT_FUNDS,INSUFFICIENT_FUNDS,1,2026-08-09T00:48:55.384468
ord_adfc82ad,41327.97,ISSUER_TIMEOUT,ISSUER_TIMEOUT,0,2026-08-02T00:48:55.384468
ord_848df9ae,39605.69,OTHER,OTHER,0,2026-08-22T00:48:55.384468
ord_0be6559f,1963.28,INSUFFICIENT_FUNDS,INSUFFICIENT_FUNDS,0,2026-08-01T00:48:55.384468
ord_d99579a0,28316.93,ISSUER_TIMEOUT,ISSUER_TIMEOUT,1,2026-08-09T00:48:55.384468
ord_3e2c5efc,48977.96,RISK_BLOCK,RISK_BLOCK,0,2026-07-26T00:48:55.384468
ord_dc0f8b1a,19559.74,OTHER,OTHER,1,2026-07-24T00:48:55.384468
ord_b94c7ff2,49874.69,EXPIRED_CARD,EXPIRED_CARD,0,2026-07-26T00:48:55.384468
ord_8acff6d8,16431.97,ISSUER_TIMEOUT,ISSUER_TIMEOUT,1,2026-08-14T00:48:55.384468
ord_bc2a2350,43375.15,OTHER,OTHER,1,2026-07-29T00:48:55.384468
ord_920fbc41,24594.85,ISSUER_TIMEOUT,ISSUER_TIMEOUT,1,2026-08-17T00:48:55.384468
ord_ed093a16,7343.24,EXPIRED_CARD,EXPIRED_CARD,0,2026-08-03T00:48:55.384468
ord_5c8ef958,32794.98,EXPIRED_CARD,EXPIRED_CARD,0,2026-07-24T00:48:55.384468
ord_5770b6d8,19292.5,ISSUER_TIMEOUT,ISSUER_TIMEOUT,1,2026-08-11T00:48:55.384468
ord_ee7f81e0,1964.14,ISSUER_TIMEOUT,ISSUER_TIMEOUT,0,2026-08-14T00:48:55.384468
ord_876b1b57,21243.99,INSUFFICIENT_FUNDS,INSUFFICIENT_FUNDS,0,2026-08-01T00:48:55.384468
ord_d4fef1c5,14094.86,INSUFFICIENT_FUNDS,INSUFFICIENT_FUNDS,1,2026-08-12T00:48:55.384468
ord_e06f32c4,42962.22,OTHER,OTHER,0,2026-08-07T00:48:55.384468
ord_8d470e65,40365.97,RISK_BLOCK,RISK_BLOCK,0,2026-07-26T00:48:55.384468
ord_13b9c4e5,4231.8,INSUFFICIENT_FUNDS,INSUFFICIENT_FUNDS,1,2026-07-25T00:48:55.384468
ord_819581a0,14014.4,OTHER,OTHER,0,2026-08-16T00:48:55.384468
ord_3e02fb6e,14931.21,OTHER,OTHER,1,2026-08-05T00:48:55.384468
ord_7d8c91f5,31460.16,EXPIRED_CARD,EXPIRED_CARD,0,2026-08-20T00:48:55.384468
ord_3a6c91a5,40192.93,OTHER,OTHER,0,2026-07-29T00:48:55.384468
ord_c60c9a21,26557.74,ISSUER_TIMEOUT,ISSUER_TIMEOUT,1,2026-08-21T00:48:55.384468
ord_43c0010e,18393.64,ISSUER_TIMEOUT,ISSUER_TIMEOUT,0,2026-08-15T00:48:55.384468
ord_d3e0aefa,42442.62,INSUFFICIENT_FUNDS,INSUFFICIENT_FUNDS,0,2026-08-08T00:48:55.384468
ord_77c333ae,27434.87,OTHER,OTHER,0,2026-07-25T00:48:55.384468
ord_755ab4f1,43946.48,ISSUER_TIMEOUT,ISSUER_TIMEOUT,1,2026-08-18T00:48:55.384468
ord_610ca428,27295.68,INSUFFICIENT_FUNDS,INSUFFICIENT_FUNDS,1,2026-08-14T00:48:55.384468
ord_9d548bc8,1881.99,EXPIRED_CARD,EXPIRED_CARD,0,2026-08-21T00:48:55.384468
ord_72d8500e,11084.7,OTHER,OTHER,1,2026-08-12T00:48:55.384468
ord_207dd92c,25771.15,INSUFFICIENT_FUNDS,INSUFFICIENT_FUNDS,1,2026-08-12T00:48:55.384468
ord_7c1eacac,16931.08,ISSUER_TIMEOUT,ISSUER_TIMEOUT,1,2026-08-14T00:48:55.384468
ord_a6cf0d1e,18053.1,INSUFFICIENT_FUNDS,INSUFFICIENT_FUNDS,0,2026-08-15T00:48:55.384468
ord_8e3aa1ba,19171.65,INSUFFICIENT_FUNDS,INSUFFICIENT_FUNDS,0,2026-08-02T00:48:55.384468
ord_0186b3da,30111.35,EXPIRED_CARD,EXPIRED_CARD,0,2026-08-06T00:48:55.384468
ord_d18ac4cd,29615.77,INSUFFICIENT_FUNDS,INSUFFICIENT_FUNDS,1,2026-08-20T00:48:55.384468
ord_c268582b,27950.09,INSUFFICIENT_FUNDS,INSUFFICIENT_FUNDS,0,2026-07-29T00:48:55.384468
ord_ba7c188e,45101.48,ISSUER_TIMEOUT,ISSUER_TIMEOUT,1,2026-07-26T00:48:55.384468
ord_1f4c9ad9,26909.62,INSUFFICIENT_FUNDS,INSUFFICIENT_FUNDS,1,2026-07-23T00:48:55.384468
ord_8014e663,42711.37,INSUFFICIENT_FUNDS,INSUFFICIENT_FUNDS,1,2026-08-14T00:48:55.384468
ord_92babfcd,14255.74,INSUFFICIENT_FUNDS,INSUFFICIENT_FUNDS,1,2026-08-05T00:48:55.384468
ord_3073a54a,38462.29,ISSUER_TIMEOUT,ISSUER_TIMEOUT,1,2026-07-24T00:48:55.384468
ord_48095724,48258.46,EXPIRED_CARD,EXPIRED_CARD,0,2026-08-04T00:48:55.384468
ord_4cd938b1,11538.14,INSUFFICIENT_FUNDS,INSUFFICIENT_FUNDS,1,2026-08-22T00:48:55.384468
ord_2e526ff8,17665.0,ISSUER_TIMEOUT,ISSUER_TIMEOUT,1,2026-07-27T00:48:55.384468
ord_970908e3,4601.49,INSUFFICIENT_FUNDS,INSUFFICIENT_FUNDS,1,2026-08-15T00:48:55.384468
ord_52d0fd1b,11270.75,INSUFFICIENT_FUNDS,INSUFFICIENT_FUNDS,1,2026-08-02T00:48:55.384468
ord_d77cc879,26872.38,INSUFFICIENT_FUNDS,INSUFFICIENT_FUNDS,0,2026-08-03T00:48:55.384468
ord_b6a298ce,3642.88,ISSUER_TIMEOUT,ISSUER_TIMEOUT,1,2026-08-08T00:48:55.384468
ord_9c32ebb3,528.4,INSUFFICIENT_FUNDS,INSUFFICIENT_FUNDS,1,2026-08-09T00:48:55.384468
ord_3315d373,6721.31,OTHER,OTHER,0,2026-08-11T00:48:55.384468
ord_62dad049,40972.14,ISSUER_TIMEOUT,ISSUER_TIMEOUT,1,2026-07-23T00:48:55.384468
ord_84b46b5c,27404.09,INSUFFICIENT_FUNDS,INSUFFICIENT_FUNDS,1,2026-07-27T00:48:55.384468
ord_748f0fe6,10395.3,INSUFFICIENT_FUNDS,INSUFFICIENT_FUNDS,1,2026-08-20T00:48:55.384468
ord_47d848ff,35864.29,EXPIRED_CARD,EXPIRED_CARD,1,2026-08-04T00:48:55.384468
ord_7f785791,22425.64,INSUFFICIENT_FUNDS,INSUFFICIENT_FUNDS,0,2026-07-30T00:48:55.384468
ord_944cfac6,17475.58,OTHER,OTHER,0,2026-07-25T00:48:55.384468
ord_93db610c,25408.7,INSUFFICIENT_FUNDS,INSUFFICIENT_FUNDS,1,2026-08-08T00:48:55.384468
ord_0d78c388,30072.39,EXPIRED_CARD,EXPIRED_CARD,0,2026-08-04T00:48:55.384468
ord_5e3d1a30,25250.45,RISK_BLOCK,RISK_BLOCK,1,2026-08-06T00:48:55.384468
ord_277d781e,15385.69,RISK_BLOCK,RISK_BLOCK,0,2026-07-30T00:48:55.384468
ord_119e6f6e,48977.17,ISSUER_TIMEOUT,ISSUER_TIMEOUT,1,2026-08-20T00:48:55.384468
ord_944863b8,20167.84,OTHER,OTHER,0,2026-08-15T00:48:55.384468
ord_2e2a9939,10161.08,INSUFFICIENT_FUNDS,INSUFFICIENT_FUNDS,1,2026-07-24T00:48:55.384468
ord_5335b741,3897.66,ISSUER_TIMEOUT,ISSUER_TIMEOUT,1,2026-08-22T00:48:55.384468
ord_cee1c8b5,33200.15,EXPIRED_CARD,EXPIRED_CARD,0,2026-08-15T00:48:55.384468
ord_3c71e085,1726.59,INSUFFICIENT_FUNDS,INSUFFICIENT_FUNDS,1,2026-08-07T00:48:55.384468
ord_7bc5b3ef,31705.25,EXPIRED_CARD,EXPIRED_CARD,0,2026-07-27T00:48:55.384468
ord_8e93866d,43021.03,OTHER,OTHER,1,2026-08-15T00:48:55.384468
ord_5841909a,8153.36,EXPIRED_CARD,EXPIRED_CARD,0,2026-07-30T00:48:55.384468
ord_da6bb444,3139.67,INSUFFICIENT_FUNDS,INSUFFICIENT_FUNDS,0,2026-07-27T00:48:55.384468
ord_339fbf6d,12500.63,OTHER,OTHER,1,2026-08-15T00:48:55.384468
ord_801b1894,12993.36,OTHER,OTHER,0,2026-07-27T00:48:55.384468
ord_54c5efac,13023.19,INSUFFICIENT_FUNDS,INSUFFICIENT_FUNDS,1,2026-08-07T00:48:55.384468
ord_04f48773,46211.14,ISSUER_TIMEOUT,ISSUER_TIMEOUT,1,2026-07-25T00:48:55.384468
ord_84d2e6fb,35229.84,RISK_BLOCK,RISK_BLOCK,0,2026-08-08T00:48:55.384468
ord_4c376133,10533.32,INSUFFICIENT_FUNDS,INSUFFICIENT_FUNDS,1,2026-07-26T00:48:55.384468
ord_0e9f3677,44657.24,OTHER,OTHER,1,2026-08-19T00:48:55.384468
ord_d5e82fb1,35109.04,INSUFFICIENT_FUNDS,INSUFFICIENT_FUNDS,0,2026-08-07T00:48:55.384468
ord_4abf23c5,44552.35,EXPIRED_CARD,EXPIRED_CARD,0,2026-08-12T00:48:55.384468
ord_922e8cff,9073.98,RISK_BLOCK,RISK_BLOCK,0,2026-08-05T00:48:55.384468
ord_7d775fad,8635.33,INSUFFICIENT_FUNDS,INSUFFICIENT_FUNDS,1,2026-07-30T00:48:55.384468
ord_9c663acd,45118.43,EXPIRED_CARD,EXPIRED_CARD,0,2026-08-08T00:48:55.384468
ord_d0ddb999,24527.52,INSUFFICIENT_FUNDS,INSUFFICIENT_FUNDS,1,2026-07-24T00:48:55.384468
ord_6e5949f5,33648.51,OTHER,OTHER,0,2026-08-20T00:48:55.384468
ord_a09b0df8,29752.74,RISK_BLOCK,RISK_BLOCK,0,2026-07-26T00:48:55.384468
ord_57fcd4a2,12700.26,ISSUER_TIMEOUT,ISSUER_TIMEOUT,1,2026-08-20T00:48:55.384468
ord_53f83bfe,18799.06,RISK_BLOCK,RISK_BLOCK,0,2026-08-20T00:48:55.384468
ord_2a1d03f9,48729.08,OTHER,OTHER,0,2026-08-17T00:48:55.384468
ord_b4827942,34969.99,OTHER,OTHER,0,2026-08-04T00:48:55.384468
ord_813ea68c,38144.96,INSUFFICIENT_FUNDS,INSUFFICIENT_FUNDS,1,2026-08-02T00:48:55.384468
ord_55a8d69e,20764.04,INSUFFICIENT_FUNDS,INSUFFICIENT_FUNDS,1,2026-08-04T00:48:55.384468
ord_a54481b0,21687.47,INSUFFICIENT_FUNDS,INSUFFICIENT_FUNDS,0,2026-08-18T00:48:55.384468
ord_b2514009,45207.72,OTHER,OTHER,0,2026-08-02T00:48:55.384468
ord_b3d02ca7,23118.55,INSUFFICIENT_FUNDS,INSUFFICIENT_FUNDS,0,2026-07-24T00:48:55.384468
ord_75baa5ac,48989.98,INSUFFICIENT_FUNDS,INSUFFICIENT_FUNDS,0,2026-08-07T00:48:55.384468
ord_404e1c26,44943.45,OTHER,OTHER,0,2026-08-19T00:48:55.384468
ord_6a3b8ed8,47112.08,OTHER,OTHER,0,2026-08-15T00:48:55.384468
ord_c956ac61,38539.88,INSUFFICIENT_FUNDS,INSUFFICIENT_FUNDS,1,2026-08-12T00:48:55.384468
ord_eb36f121,27652.38,RISK_BLOCK,RISK_BLOCK,0,2026-08-11T00:48:55.384468
ord_c041fd4c,20842.82,ISSUER_TIMEOUT,ISSUER_TIMEOUT,1,2026-08-03T00:48:55.384468
ord_ad0f48ab,34304.41,EXPIRED_CARD,EXPIRED_CARD,0,2026-07-24T00:48:55.384468
ord_fcfbae1a,26578.5,INSUFFICIENT_FUNDS,INSUFFICIENT_FUNDS,0,2026-08-14T00:48:55.384468
ord_c3b06b93,3409.47,ISSUER_TIMEOUT,ISSUER_TIMEOUT,1,2026-07-31T00:48:55.384468
ord_119c238e,44902.67,INSUFFICIENT_FUNDS,INSUFFICIENT_FUNDS,0,2026-07-23T00:48:55.384468
ord_7c50841b,39731.09,RISK_BLOCK,RISK_BLOCK,0,2026-08-16T00:48:55.384468
ord_1ca82d3b,6160.08,EXPIRED_CARD,EXPIRED_CARD,0,2026-07-27T00:48:55.384468
ord_e85bedf8,45636.05,ISSUER_TIMEOUT,ISSUER_TIMEOUT,1,2026-08-16T00:48:55.384468
ord_5aa793ab,25520.26,EXPIRED_CARD,EXPIRED_CARD,0,2026-08-22T00:48:55.384468
ord_dbc6f999,1078.1,INSUFFICIENT_FUNDS,INSUFFICIENT_FUNDS,1,2026-07-24T00:48:55.384468
ord_7a5563cc,4716.37,EXPIRED_CARD,EXPIRED_CARD,0,2026-08-05T00:48:55.384468
ord_36256db6,5004.89,INSUFFICIENT_FUNDS,INSUFFICIENT_FUNDS,0,2026-08-04T00:48:55.384468
ord_115fb11e,20240.77,ISSUER_TIMEOUT,ISSUER_TIMEOUT,1,2026-08-11T00:48:55.384468
ord_789bc3fc,6772.74,EXPIRED_CARD,EXPIRED_CARD,0,2026-07-26T00:48:55.384468
ord_80f37f1a,17624.58,ISSUER_TIMEOUT,ISSUER_TIMEOUT,0,2026-08-01T00:48:55.384468
ord_8f2326c8,38241.42,RISK_BLOCK,RISK_BLOCK,0,2026-08-11T00:48:55.384468
ord_9cce6346,6488.24,INSUFFICIENT_FUNDS,INSUFFICIENT_FUNDS,0,2026-07-24T00:48:55.384468
ord_b1f61171,29046.78,INSUFFICIENT_FUNDS,INSUFFICIENT_FUNDS,0,2026-08-16T00:48:55.384468
ord_f294f5ad,10870.42,ISSUER_TIMEOUT,ISSUER_TIMEOUT,1,2026-08-05T00:48:55.384468
ord_460ed0c9,41833.04,INSUFFICIENT_FUNDS,INSUFFICIENT_FUNDS,1,2026-08-11T00:48:55.384468
ord_97e3f451,22252.15,EXPIRED_CARD,EXPIRED_CARD,0,2026-08-16T00:48:55.384468
ord_9d68df51,13652.29,INSUFFICIENT_FUNDS,INSUFFICIENT_FUNDS,1,2026-08-08T00:48:55.384468
ord_dd72e261,15708.91,ISSUER_TIMEOUT,ISSUER_TIMEOUT,1,2026-07-25T00:48:55.384468
ord_9381074b,34005.29,INSUFFICIENT_FUNDS,INSUFFICIENT_FUNDS,1,2026-08-03T00:48:55.384468
ord_a92d8428,5526.37,ISSUER_TIMEOUT,ISSUER_TIMEOUT,1,2026-08-19T00:48:55.384468
ord_013ea132,13322.49,INSUFFICIENT_FUNDS,INSUFFICIENT_FUNDS,0,2026-07-26T00:48:55.384468
ord_336ea3e2,11893.2,RISK_BLOCK,RISK_BLOCK,0,2026-08-15T00:48:55.384468
ord_50e16c3a,11792.11,ISSUER_TIMEOUT,ISSUER_TIMEOUT,1,2026-07-31T00:48:55.384468
ord_f24fef13,35521.64,OTHER,OTHER,1,2026-07-25T00:48:55.384468
ord_6cf14c6d,49128.62,INSUFFICIENT_FUNDS,INSUFFICIENT_FUNDS,0,2026-07-29T00:48:55.384468
ord_c814a395,19099.82,INSUFFICIENT_FUNDS,INSUFFICIENT_FUNDS,0,2026-08-10T00:48:55.384468
ord_2210f71e,31118.98,RISK_BLOCK,RISK_BLOCK,0,2026-08-03T00:48:55.384468
ord_9cb90e1e,15259.16,OTHER,OTHER,0,2026-08-16T00:48:55.384468
ord_abad8dfe,23232.42,ISSUER_TIMEOUT,ISSUER_TIMEOUT,1,2026-08-08T00:48:55.384468
ord_454eccc4,3106.12,INSUFFICIENT_FUNDS,INSUFFICIENT_FUNDS,0,2026-08-19T00:48:55.384468
ord_12667bb5,22811.87,INSUFFICIENT_FUNDS,INSUFFICIENT_FUNDS,0,2026-08-14T00:48:55.384468
ord_2ae88a36,35563.7,ISSUER_TIMEOUT,ISSUER_TIMEOUT,1,2026-08-10T00:48:55.384468
ord_21570dfa,49016.34,INSUFFICIENT_FUNDS,INSUFFICIENT_FUNDS,1,2026-08-07T00:48:55.384468
ord_196249a6,9524.76,RISK_BLOCK,RISK_BLOCK,1,2026-08-14T00:48:55.384468
ord_b56ace50,21998.02,INSUFFICIENT_FUNDS,INSUFFICIENT_FUNDS,0,2026-07-31T00:48:55.384468
ord_d32df2c4,28090.5,INSUFFICIENT_FUNDS,INSUFFICIENT_FUNDS,1,2026-07-24T00:48:55.384468
ord_23d7ae55,46628.83,RISK_BLOCK,RISK_BLOCK,1,2026-07-24T00:48:55.384468
ord_d60ace23,978.01,EXPIRED_CARD,EXPIRED_CARD,0,2026-08-01T00:48:55.384468
ord_1ffe7878,30730.39,ISSUER_TIMEOUT,ISSUER_TIMEOUT,1,2026-08-05T00:48:55.384468
ord_fe864526,36948.34,INSUFFICIENT_FUNDS,INSUFFICIENT_FUNDS,1,2026-07-30T00:48:55.384468
ord_5ba37720,1832.2,INSUFFICIENT_FUNDS,INSUFFICIENT_FUNDS,1,2026-08-05T00:48:55.384468
ord_ca9f9c85,23784.23,EXPIRED_CARD,EXPIRED_CARD,0,2026-08-22T00:48:55.384468
ord_a5f8cc10,7531.51,OTHER,OTHER,0,2026-08-14T00:48:55.384468
ord_02b639db,33785.03,ISSUER_TIMEOUT,ISSUER_TIMEOUT,1,2026-08-17T00:48:55.384468
ord_a013f4ae,10717.58,ISSUER_TIMEOUT,ISSUER_TIMEOUT,0,2026-08-01T00:48:55.384468
ord_9e07cb0a,1158.41,RISK_BLOCK,RISK_BLOCK,0,2026-07-26T00:48:55.384468
ord_fe2c3a36,41502.52,INSUFFICIENT_FUNDS,INSUFFICIENT_FUNDS,1,2026-07-24T00:48:55.384468
ord_a4a50440,13631.64,EXPIRED_CARD,EXPIRED_CARD,0,2026-08-13T00:48:55.384468
ord_fd210a53,40189.94,ISSUER_TIMEOUT,ISSUER_TIMEOUT,1,2026-07-24T00:48:55.384468
ord_f00325d6,14140.51,INSUFFICIENT_FUNDS,INSUFFICIENT_FUNDS,1,2026-08-17T00:48:55.384468
ord_a7027a83,1903.46,EXPIRED_CARD,EXPIRED_CARD,1,2026-08-05T00:48:55.384468
ord_a9548596,12192.99,ISSUER_TIMEOUT,ISSUER_TIMEOUT,1,2026-08-05T00:48:55.384468
ord_3362348d,45764.34,EXPIRED_CARD,EXPIRED_CARD,0,2026-08-19T00:48:55.384468
ord_bbb196a3,2036.23,OTHER,OTHER,0,2026-07-25T00:48:55.384468
ord_f16a2d54,49760.37,ISSUER_TIMEOUT,ISSUER_TIMEOUT,0,2026-07-31T00:48:55.384468
ord_e5eb5f94,44140.95,OTHER,OTHER,0,2026-08-09T00:48:55.384468
ord_4b07136c,5843.82,INSUFFICIENT_FUNDS,INSUFFICIENT_FUNDS,1,2026-08-10T00:48:55.384468
ord_b73034d2,37538.08,ISSUER_TIMEOUT,ISSUER_TIMEOUT,1,2026-08-03T00:48:55.384468
ord_a70ea144,44839.71,EXPIRED_CARD,EXPIRED_CARD,0,2026-08-20T00:48:55.384468
ord_46b9b5c9,44769.24,INSUFFICIENT_FUNDS,INSUFFICIENT_FUNDS,0,2026-08-13T00:48:55.384468
ord_5187f948,20058.71,INSUFFICIENT_FUNDS,INSUFFICIENT_FUNDS,1,2026-08-21T00:48:55.384468
ord_bbf071eb,16167.47,INSUFFICIENT_FUNDS,INSUFFICIENT_FUNDS,1,2026-07-26T00:48:55.384468
ord_f844ffde,41997.72,RISK_BLOCK,RISK_BLOCK,1,2026-07-23T00:48:55.384468
ord_27babefd,11085.33,ISSUER_TIMEOUT,ISSUER_TIMEOUT,1,2026-08-10T00:48:55.384468
ord_7b0589bd,43391.67,EXPIRED_CARD,EXPIRED_CARD,1,2026-08-14T00:48:55.384468
ord_ca99ff0d,25303.29,INSUFFICIENT_FUNDS,INSUFFICIENT_FUNDS,1,2026-08-15T00:48:55.384468
ord_3621106b,10272.56,RISK_BLOCK,RISK_BLOCK,0,2026-08-17T00:48:55.384468
ord_eea3efa8,25064.0,ISSUER_TIMEOUT,ISSUER_TIMEOUT,1,2026-08-14T00:48:55.384468
ord_880e517c,25814.94,OTHER,OTHER,1,2026-08-05T00:48:55.384468
ord_85d26fb1,33096.18,OTHER,OTHER,0,2026-08-02T00:48:55.384468
ord_ef10f387,16345.17,INSUFFICIENT_FUNDS,INSUFFICIENT_FUNDS,1,2026-08-15T00:48:55.384468
ord_b30beb38,33954.44,INSUFFICIENT_FUNDS,INSUFFICIENT_FUNDS,1,2026-08-19T00:48:55.384468
ord_74706cd1,46234.73,ISSUER_TIMEOUT,ISSUER_TIMEOUT,0,2026-07-29T00:48:55.384468
ord_ac6c38bd,42483.18,OTHER,OTHER,0,2026-07-26T00:48:55.384468
ord_496659a6,33022.95,EXPIRED_CARD,EXPIRED_CARD,0,2026-07-29T00:48:55.384468
ord_19baf688,17359.13,RISK_BLOCK,RISK_BLOCK,0,2026-08-12T00:48:55.384468
ord_0be54fea,8196.49,ISSUER_TIMEOUT,ISSUER_TIMEOUT,1,2026-08-19T00:48:55.384468
ord_c3bfc544,39033.07,OTHER,OTHER,0,2026-08-20T00:48:55.384468
ord_8d5abfc2,45761.7,EXPIRED_CARD,EXPIRED_CARD,0,2026-08-03T00:48:55.384468
ord_ae2f838b,41619.91,INSUFFICIENT_FUNDS,INSUFFICIENT_FUNDS,1,2026-07-30T00:48:55.384468
ord_802247a4,10679.14,RISK_BLOCK,RISK_BLOCK,1,2026-08-12T00:48:55.384468
ord_37d90596,45871.47,ISSUER_TIMEOUT,ISSUER_TIMEOUT,0,2026-08-14T00:48:55.384468
ord_84286fe2,1548.09,OTHER,OTHER,0,2026-08-14T00:48:55.384468
ord_d2c2c8e2,45040.51,RISK_BLOCK,RISK_BLOCK,1,2026-08-22T00:48:55.384468
ord_e15fb9e4,41418.01,ISSUER_TIMEOUT,ISSUER_TIMEOUT,0,2026-08-07T00:48:55.384468
ord_fcff7e69,8251.24,INSUFFICIENT_FUNDS,INSUFFICIENT_FUNDS,0,2026-08-08T00:48:55.384468
ord_dac9e524,606.79,OTHER,OTHER,0,2026-08-11T00:48:55.384468
ord_02f1698b,30603.67,INSUFFICIENT_FUNDS,INSUFFICIENT_FUNDS,1,2026-07-30T00:48:55.384468
ord_da39d887,24367.89,ISSUER_TIMEOUT,ISSUER_TIMEOUT,1,2026-08-04T00:48:55.384468
ord_7093b23c,41898.03,OTHER,OTHER,0,2026-08-10T00:48:55.384468
ord_25d0e549,22157.0,OTHER,OTHER,0,2026-08-13T00:48:55.384468
ord_2c42be19,18860.07,INSUFFICIENT_FUNDS,INSUFFICIENT_FUNDS,1,2026-08-04T00:48:55.384468
ord_49ff2d52,22737.28,ISSUER_TIMEOUT,ISSUER_TIMEOUT,1,2026-07-31T00:48:55.384468
ord_c4140765,32816.77,EXPIRED_CARD,EXPIRED_CARD,0,2026-07-24T00:48:55.384468
ord_f94854e5,19245.22,ISSUER_TIMEOUT,ISSUER_TIMEOUT,1,2026-07-28T00:48:55.384468
ord_1d19fd65,38530.68,ISSUER_TIMEOUT,ISSUER_TIMEOUT,1,2026-07-29T00:48:55.384468
ord_58b5aa9e,26967.19,OTHER,OTHER,0,2026-08-04T00:48:55.384468
ord_25646f29,20374.37,INSUFFICIENT_FUNDS,INSUFFICIENT_FUNDS,1,2026-08-04T00:48:55.384468
ord_4fa856a9,26260.27,ISSUER_TIMEOUT,ISSUER_TIMEOUT,0,2026-08-12T00:48:55.384468
ord_cdaef451,37020.73,ISSUER_TIMEOUT,ISSUER_TIMEOUT,1,2026-08-20T00:48:55.384468
ord_14d5087b,49700.39,OTHER,OTHER,0,2026-08-16T00:48:55.384468
ord_72ba5386,45552.84,OTHER,OTHER,1,2026-07-29T00:48:55.384468
ord_433f620b,26751.57,ISSUER_TIMEOUT,ISSUER_TIMEOUT,1,2026-07-29T00:48:55.384468
ord_037dfdbc,43779.17,INSUFFICIENT_FUNDS,INSUFFICIENT_FUNDS,1,2026-08-19T00:48:55.384468
ord_c2d1eb45,16102.85,ISSUER_TIMEOUT,ISSUER_TIMEOUT,1,2026-08-07T00:48:55.384468
ord_f7b765d9,34366.89,ISSUER_TIMEOUT,ISSUER_TIMEOUT,1,2026-08-07T00:48:55.384468
ord_a58ba9b3,36939.98,OTHER,OTHER,0,2026-08-19T00:48:55.384468
ord_34301cea,28677.81,INSUFFICIENT_FUNDS,INSUFFICIENT_FUNDS,1,2026-08-11T00:48:55.384468
ord_3bc9d4b3,6342.93,ISSUER_TIMEOUT,ISSUER_TIMEOUT,0,2026-08-16T00:48:55.384468
ord_520c46da,25525.16,INSUFFICIENT_FUNDS,INSUFFICIENT_FUNDS,0,2026-08-08T00:48:55.384468
ord_536f57f8,5757.29,INSUFFICIENT_FUNDS,INSUFFICIENT_FUNDS,1,2026-07-23T00:48:55.384468
ord_fc88aeef,47595.24,ISSUER_TIMEOUT,ISSUER_TIMEOUT,1,2026-08-10T00:48:55.384468
ord_0161bdc7,49838.24,INSUFFICIENT_FUNDS,INSUFFICIENT_FUNDS,1,2026-08-03T00:48:55.384468
ord_dcafafe0,17406.46,EXPIRED_CARD,EXPIRED_CARD,0,2026-07-23T00:48:55.384468
ord_884133ac,14013.11,INSUFFICIENT_FUNDS,INSUFFICIENT_FUNDS,0,2026-08-06T00:48:55.384468
ord_cb596b13,49853.21,OTHER,OTHER,0,2026-08-11T00:48:55.384468
ord_14f4b991,45852.97,INSUFFICIENT_FUNDS,INSUFFICIENT_FUNDS,1,2026-07-26T00:48:55.384468
ord_29468ab4,8495.54,INSUFFICIENT_FUNDS,INSUFFICIENT_FUNDS,0,2026-08-16T00:48:55.384468
ord_8d8a0e00,20298.65,ISSUER_TIMEOUT,ISSUER_TIMEOUT,1,2026-08-02T00:48:55.384468
ord_00f8d7b9,29101.68,OTHER,OTHER,0,2026-08-15T00:48:55.384468
ord_a0aad452,26549.83,EXPIRED_CARD,EXPIRED_CARD,0,2026-08-17T00:48:55.384468
ord_f72ef5dc,32774.44,EXPIRED_CARD,EXPIRED_CARD,0,2026-08-20T00:48:55.384468
ord_cfff520f,1044.15,EXPIRED_CARD,EXPIRED_CARD,0,2026-08-11T00:48:55.384468
ord_9af59749,10796.0,INSUFFICIENT_FUNDS,INSUFFICIENT_FUNDS,1,2026-08-02T00:48:55.384468
ord_538ed027,49728.8,EXPIRED_CARD,EXPIRED_CARD,0,2026-08-01T00:48:55.384468
ord_ba20fca5,43684.23,INSUFFICIENT_FUNDS,INSUFFICIENT_FUNDS,1,2026-08-18T00:48:55.384468
ord_f9f26319,6511.73,OTHER,OTHER,1,2026-08-09T00:48:55.384468
ord_595675e2,32445.93,INSUFFICIENT_FUNDS,INSUFFICIENT_FUNDS,1,2026-08-06T00:48:55.384468
ord_6860b387,5298.25,INSUFFICIENT_FUNDS,INSUFFICIENT_FUNDS,1,2026-08-05T00:48:55.384468
ord_26284b4f,15674.09,OTHER,OTHER,1,2026-08-15T00:48:55.384468
ord_f14bd28f,43630.16,ISSUER_TIMEOUT,ISSUER_TIMEOUT,1,2026-08-09T00:48:55.384468
ord_b1821737,10527.88,ISSUER_TIMEOUT,ISSUER_TIMEOUT,1,2026-07-24T00:48:55.384468
ord_58ddd1bf,19459.71,OTHER,OTHER,1,2026-08-20T00:48:55.384468
ord_6067c959,39847.81,ISSUER_TIMEOUT,ISSUER_TIMEOUT,1,2026-08-18T00:48:55.384468
ord_a7718c56,45009.5,OTHER,OTHER,0,2026-07-26T00:48:55.384468
ord_4b08669c,47841.9,ISSUER_TIMEOUT,ISSUER_TIMEOUT,0,2026-07-24T00:48:55.384468
ord_5fc92f41,323.36,OTHER,OTHER,0,2026-08-13T00:48:55.384468
ord_2c256ac6,29230.49,ISSUER_TIMEOUT,ISSUER_TIMEOUT,1,2026-08-06T00:48:55.384468
ord_866da2a0,32656.09,ISSUER_TIMEOUT,ISSUER_TIMEOUT,1,2026-08-05T00:48:55.384468
ord_2478fb48,25324.6,EXPIRED_CARD,EXPIRED_CARD,0,2026-08-11T00:48:55.384468
ord_a612a912,37786.83,ISSUER_TIMEOUT,ISSUER_TIMEOUT,1,2026-07-31T00:48:55.384468
ord_d4396526,5802.33,ISSUER_TIMEOUT,ISSUER_TIMEOUT,1,2026-08-01T00:48:55.384468
ord_0c39d131,21671.62,INSUFFICIENT_FUNDS,INSUFFICIENT_FUNDS,0,2026-08-04T00:48:55.384468
ord_26c42e34,4048.22,OTHER,OTHER,0,2026-08-15T00:48:55.384468
ord_efd457a7,32613.14,INSUFFICIENT_FUNDS,INSUFFICIENT_FUNDS,1,2026-07-26T00:48:55.384468
ord_5f0058c0,37946.52,ISSUER_TIMEOUT,ISSUER_TIMEOUT,1,2026-07-30T00:48:55.384468
ord_7689602a,34531.5,ISSUER_TIMEOUT,ISSUER_TIMEOUT,1,2026-08-08T00:48:55.384468
ord_52d7f8ca,30713.89,OTHER,OTHER,1,2026-07-31T00:48:55.384468
ord_c5905539,16090.66,INSUFFICIENT_FUNDS,INSUFFICIENT_FUNDS,1,2026-07-31T00:48:55.384468
ord_e6c42e59,23931.87,INSUFFICIENT_FUNDS,INSUFFICIENT_FUNDS,1,2026-08-15T00:48:55.384468
ord_ea2c1f24,47199.87,ISSUER_TIMEOUT,ISSUER_TIMEOUT,1,2026-08-04T00:48:55.384468
ord_b4827264,46640.44,ISSUER_TIMEOUT,ISSUER_TIMEOUT,1,2026-08-03T00:48:55.384468
ord_f768ad1a,22989.74,INSUFFICIENT_FUNDS,INSUFFICIENT_FUNDS,1,2026-07-28T00:48:55.384468
ord_37869818,30476.72,EXPIRED_CARD,EXPIRED_CARD,0,2026-08-07T00:48:55.384468
ord_8f554596,5272.33,EXPIRED_CARD,EXPIRED_CARD,0,2026-08-08T00:48:55.384468
ord_e7a4e8e6,11100.02,ISSUER_TIMEOUT,ISSUER_TIMEOUT,1,2026-07-29T00:48:55.384468
ord_90bdbb79,18384.34,ISSUER_TIMEOUT,ISSUER_TIMEOUT,0,2026-08-09T00:48:55.384468
ord_4d496c36,14654.3,OTHER,OTHER,1,2026-08-08T00:48:55.384468
ord_85b639ba,4188.17,EXPIRED_CARD,EXPIRED_CARD,0,2026-07-23T00:48:55.384468
ord_eb7b36f1,18800.32,EXPIRED_CARD,EXPIRED_CARD,0,2026-08-21T00:48:55.384468
ord_ae35b417,47781.33,ISSUER_TIMEOUT,ISSUER_TIMEOUT,1,2026-08-16T00:48:55.384468
ord_c14664f0,18508.55,INSUFFICIENT_FUNDS,INSUFFICIENT_FUNDS,1,2026-07-25T00:48:55.384468
ord_35ee7fa7,25956.59,RISK_BLOCK,RISK_BLOCK,0,2026-07-31T00:48:55.384468
ord_7193e16a,10391.81,INSUFFICIENT_FUNDS,INSUFFICIENT_FUNDS,0,2026-07-28T00:48:55.384468
ord_8866e8ad,49774.55,ISSUER_TIMEOUT,ISSUER_TIMEOUT,1,2026-08-16T00:48:55.384468
ord_66c98f0f,20066.82,OTHER,OTHER,0,2026-08-03T00:48:55.384468
ord_24f4db1d,42886.86,EXPIRED_CARD,EXPIRED_CARD,0,2026-08-15T00:48:55.384468
ord_ec3f9b3a,21940.68,OTHER,OTHER,0,2026-08-05T00:48:55.384468
ord_77c1fd12,49990.63,INSUFFICIENT_FUNDS,INSUFFICIENT_FUNDS,0,2026-08-08T00:48:55.384468
ord_6c553b21,11716.52,INSUFFICIENT_FUNDS,INSUFFICIENT_FUNDS,1,2026-08-06T00:48:55.384468
ord_225e2682,47117.36,OTHER,OTHER,0,2026-08-22T00:48:55.384468
ord_005ebfb4,44358.57,INSUFFICIENT_FUNDS,INSUFFICIENT_FUNDS,0,2026-08-11T00:48:55.384468
ord_8f899da1,25350.53,OTHER,OTHER,1,2026-07-31T00:48:55.384468
ord_588cb2cd,39003.91,OTHER,OTHER,0,2026-08-17T00:48:55.384468
ord_1b4d6547,21913.7,INSUFFICIENT_FUNDS,INSUFFICIENT_FUNDS,1,2026-08-10T00:48:55.384468
ord_10314b92,40120.78,OTHER,OTHER,1,2026-07-29T00:48:55.384468
ord_9c5649cc,49294.58,INSUFFICIENT_FUNDS,INSUFFICIENT_FUNDS,0,2026-08-01T00:48:55.384468
ord_ea4bcbaf,39907.16,ISSUER_TIMEOUT,ISSUER_TIMEOUT,1,2026-08-16T00:48:55.384468
ord_733d9491,2448.31,INSUFFICIENT_FUNDS,INSUFFICIENT_FUNDS,0,2026-08-19T00:48:55.384468
ord_5a402774,20865.17,RISK_BLOCK,RISK_BLOCK,0,2026-08-09T00:48:55.384468
ord_abea57d3,43955.07,RISK_BLOCK,RISK_BLOCK,0,2026-08-20T00:48:55.384468
ord_aad0210a,22709.8,OTHER,OTHER,0,2026-08-13T00:48:55.384468
ord_e099f8eb,7832.99,ISSUER_TIMEOUT,ISSUER_TIMEOUT,1,2026-08-03T00:48:55.384468
ord_207dd8e1,33582.78,ISSUER_TIMEOUT,ISSUER_TIMEOUT,1,2026-08-22T00:48:55.384468
ord_df17fbbc,41752.7,EXPIRED_CARD,EXPIRED_CARD,0,2026-08-10T00:48:55.384468
ord_649b5961,17047.72,ISSUER_TIMEOUT,ISSUER_TIMEOUT,1,2026-07-30T00:48:55.384468
ord_bbded528,40282.04,INSUFFICIENT_FUNDS,INSUFFICIENT_FUNDS,1,2026-08-07T00:48:55.384468
ord_34c22755,38668.2,INSUFFICIENT_FUNDS,INSUFFICIENT_FUNDS,1,2026-07-25T00:48:55.384468
ord_3a487288,15375.74,OTHER,OTHER,0,2026-07-28T00:48:55.384468
ord_fd53c4c5,12364.58,ISSUER_TIMEOUT,ISSUER_TIMEOUT,1,2026-07-27T00:48:55.384468
ord_5bff8434,14877.89,ISSUER_TIMEOUT,ISSUER_TIMEOUT,1,2026-07-27T00:48:55.384468
ord_3218ec39,40945.73,INSUFFICIENT_FUNDS,INSUFFICIENT_FUNDS,1,2026-07-28T00:48:55.384468
ord_0e819e1a,33728.29,INSUFFICIENT_FUNDS,INSUFFICIENT_FUNDS,1,2026-07-24T00:48:55.384468
ord_4bf9dd7e,33296.35,INSUFFICIENT_FUNDS,INSUFFICIENT_FUNDS,0,2026-08-13T00:48:55.384468
ord_86deb8b1,3824.35,EXPIRED_CARD,EXPIRED_CARD,0,2026-07-26T00:48:55.384468
ord_d7ea3b6d,13246.22,INSUFFICIENT_FUNDS,INSUFFICIENT_FUNDS,0,2026-07-24T00:48:55.384468
ord_cfcbef24,20388.1,RISK_BLOCK,RISK_BLOCK,0,2026-08-03T00:48:55.384468
ord_26c83599,44638.8,INSUFFICIENT_FUNDS,INSUFFICIENT_FUNDS,1,2026-08-16T00:48:55.384468
ord_b3a133de,4369.08,EXPIRED_CARD,EXPIRED_CARD,0,2026-08-03T00:48:55.384468
ord_5f619a7c,49694.44,OTHER,OTHER,1,2026-08-11T00:48:55.384468
ord_f3341d43,49805.15,INSUFFICIENT_FUNDS,INSUFFICIENT_FUNDS,0,2026-08-08T00:48:55.384468
ord_0d075536,49576.68,INSUFFICIENT_FUNDS,INSUFFICIENT_FUNDS,0,2026-08-01T00:48:55.384468
ord_3b59e2e9,13140.0,OTHER,OTHER,1,2026-08-09T00:48:55.384468
ord_76d13c08,31248.6,ISSUER_TIMEOUT,ISSUER_TIMEOUT,1,2026-08-04T00:48:55.384468
ord_0d2211de,23784.8,EXPIRED_CARD,EXPIRED_CARD,0,2026-08-10T00:48:55.384468
ord_de8f5c6e,6487.21,INSUFFICIENT_FUNDS,INSUFFICIENT_FUNDS,1,2026-07-27T00:48:55.384468
ord_8c816847,6800.26,OTHER,OTHER,0,2026-07-30T00:48:55.384468
ord_e5b3c8ed,42244.05,RISK_BLOCK,RISK_BLOCK,0,2026-08-21T00:48:55.384468
ord_bafe8091,36956.95,INSUFFICIENT_FUNDS,INSUFFICIENT_FUNDS,1,2026-08-10T00:48:55.384468
ord_0e1db115,21220.74,INSUFFICIENT_FUNDS,INSUFFICIENT_FUNDS,0,2026-07-27T00:48:55.384468
ord_377229f5,19643.27,OTHER,OTHER,0,2026-08-17T00:48:55.384468
ord_691c045b,39271.97,INSUFFICIENT_FUNDS,INSUFFICIENT_FUNDS,0,2026-08-20T00:48:55.384468
ord_a16b6ede,28860.52,OTHER,OTHER,1,2026-08-03T00:48:55.384468
ord_bc6bc439,16904.06,INSUFFICIENT_FUNDS,INSUFFICIENT_FUNDS,1,2026-08-15T00:48:55.384468
ord_892c38ff,9361.12,INSUFFICIENT_FUNDS,INSUFFICIENT_FUNDS,1,2026-08-03T00:48:55.384468
ord_284e5ed9,21489.05,ISSUER_TIMEOUT,ISSUER_TIMEOUT,0,2026-08-20T00:48:55.384468
ord_0f9931b6,4596.65,ISSUER_TIMEOUT,ISSUER_TIMEOUT,1,2026-08-06T00:48:55.384468
ord_e318f6aa,43836.22,ISSUER_TIMEOUT,ISSUER_TIMEOUT,1,2026-08-04T00:48:55.384468
ord_4032df10,47514.71,ISSUER_TIMEOUT,ISSUER_TIMEOUT,1,2026-07-29T00:48:55.384468
ord_0e4006ef,17814.58,OTHER,OTHER,1,2026-08-04T00:48:55.384468
ord_45b49674,24987.37,ISSUER_TIMEOUT,ISSUER_TIMEOUT,0,2026-08-03T00:48:55.384468
ord_e4495e27,3905.28,ISSUER_TIMEOUT,ISSUER_TIMEOUT,1,2026-08-14T00:48:55.384468
ord_151c6117,16621.02,ISSUER_TIMEOUT,ISSUER_TIMEOUT,1,2026-08-05T00:48:55.384468
ord_154280f1,32691.51,INSUFFICIENT_FUNDS,INSUFFICIENT_FUNDS,1,2026-08-20T00:48:55.384468
ord_a519b9cf,5934.67,RISK_BLOCK,RISK_BLOCK,1,2026-08-17T00:48:55.384468
ord_74b5f078,11995.62,INSUFFICIENT_FUNDS,INSUFFICIENT_FUNDS,0,2026-08-16T00:48:55.384468
ord_564ac39b,16108.03,RISK_BLOCK,RISK_BLOCK,0,2026-08-06T00:48:55.384468
ord_656942b6,27439.56,ISSUER_TIMEOUT,ISSUER_TIMEOUT,1,2026-08-17T00:48:55.384468
ord_dc0faf1a,7919.07,ISSUER_TIMEOUT,ISSUER_TIMEOUT,1,2026-08-04T00:48:55.384468
ord_a731694b,3330.18,OTHER,OTHER,1,2026-07-29T00:48:55.384468
ord_4e3ee1d4,32495.55,EXPIRED_CARD,EXPIRED_CARD,0,2026-08-22T00:48:55.384468
ord_76a48803,40092.92,INSUFFICIENT_FUNDS,INSUFFICIENT_FUNDS,1,2026-08-01T00:48:55.384468
ord_22d5b161,22602.14,OTHER,OTHER,1,2026-08-11T00:48:55.384468
ord_2873f373,19673.35,INSUFFICIENT_FUNDS,INSUFFICIENT_FUNDS,1,2026-07-26T00:48:55.384468
ord_26cf432e,12474.84,INSUFFICIENT_FUNDS,INSUFFICIENT_FUNDS,1,2026-08-20T00:48:55.384468
ord_b982c23a,40489.24,INSUFFICIENT_FUNDS,INSUFFICIENT_FUNDS,1,2026-08-14T00:48:55.384468
ord_c0a611bf,21111.89,ISSUER_TIMEOUT,ISSUER_TIMEOUT,1,2026-08-17T00:48:55.384468
ord_ff0b926f,11296.37,INSUFFICIENT_FUNDS,INSUFFICIENT_FUNDS,0,2026-07-23T00:48:55.384468
ord_8fd0249e,46818.77,INSUFFICIENT_FUNDS,INSUFFICIENT_FUNDS,1,2026-08-22T00:48:55.384468
ord_9d6faaed,33813.75,RISK_BLOCK,RISK_BLOCK,1,2026-08-03T00:48:55.384468
ord_7187f5f0,47231.87,OTHER,OTHER,0,2026-07-31T00:48:55.384468
ord_45d3b397,35703.53,OTHER,OTHER,0,2026-08-05T00:48:55.384468
ord_5f5844b7,26638.49,RISK_BLOCK,RISK_BLOCK,1,2026-08-12T00:48:55.384468
ord_9d82d0b8,12158.19,ISSUER_TIMEOUT,ISSUER_TIMEOUT,1,2026-08-13T00:48:55.384468
ord_7782d3ed,40740.41,INSUFFICIENT_FUNDS,INSUFFICIENT_FUNDS,0,2026-08-13T00:48:55.384468
ord_bc218e7c,17079.12,INSUFFICIENT_FUNDS,INSUFFICIENT_FUNDS,1,2026-08-14T00:48:55.384468
ord_f375e1f5,6727.28,EXPIRED_CARD,EXPIRED_CARD,0,2026-07-28T00:48:55.384468
ord_970e7ca5,40594.77,INSUFFICIENT_FUNDS,INSUFFICIENT_FUNDS,1,2026-07-25T00:48:55.384468
ord_a939dd5e,26900.72,INSUFFICIENT_FUNDS,INSUFFICIENT_FUNDS,0,2026-08-07T00:48:55.384468
ord_85dfaf2f,15557.67,OTHER,OTHER,0,2026-08-09T00:48:55.384468
ord_9fbb81fc,1181.14,ISSUER_TIMEOUT,ISSUER_TIMEOUT,1,2026-08-15T00:48:55.384468
ord_34b5ec3d,43796.54,OTHER,OTHER,0,2026-08-06T00:48:55.384468
ord_8b4e4a41,45464.28,EXPIRED_CARD,EXPIRED_CARD,0,2026-08-12T00:48:55.384468
ord_7506bd20,5301.53,EXPIRED_CARD,EXPIRED_CARD,0,2026-08-11T00:48:55.384468
ord_3133233b,1682.1,INSUFFICIENT_FUNDS,INSUFFICIENT_FUNDS,1,2026-07-29T00:48:55.384468
ord_ff1c8d3f,46444.12,INSUFFICIENT_FUNDS,INSUFFICIENT_FUNDS,0,2026-07-26T00:48:55.384468
ord_0ac83ea6,28608.85,ISSUER_TIMEOUT,ISSUER_TIMEOUT,0,2026-08-12T00:48:55.384468
ord_5b9e30ef,43768.31,ISSUER_TIMEOUT,ISSUER_TIMEOUT,1,2026-08-01T00:48:55.384468
ord_27f8a3e4,37086.85,INSUFFICIENT_FUNDS,INSUFFICIENT_FUNDS,0,2026-08-03T00:48:55.384468
ord_70a7e1a3,32954.59,OTHER,OTHER,0,2026-07-23T00:48:55.384468
ord_e5318ebc,44097.83,INSUFFICIENT_FUNDS,INSUFFICIENT_FUNDS,0,2026-08-21T00:48:55.384468
ord_a6598ce2,18195.07,OTHER,OTHER,0,2026-08-01T00:48:55.384468
ord_1d82aadd,789.63,ISSUER_TIMEOUT,ISSUER_TIMEOUT,0,2026-07-27T00:48:55.384468
ord_2362ae09,27471.53,INSUFFICIENT_FUNDS,INSUFFICIENT_FUNDS,0,2026-08-15T00:48:55.384468
ord_97c74d08,28933.86,INSUFFICIENT_FUNDS,INSUFFICIENT_FUNDS,0,2026-08-14T00:48:55.384468
ord_be1d6b61,37734.36,RISK_BLOCK,RISK_BLOCK,0,2026-08-17T00:48:55.384468
ord_8a933946,13931.43,OTHER,OTHER,0,2026-08-07T00:48:55.384468
ord_9816dba0,26252.87,EXPIRED_CARD,EXPIRED_CARD,0,2026-08-09T00:48:55.384468
ord_4e4c6df0,26226.82,ISSUER_TIMEOUT,ISSUER_TIMEOUT,0,2026-08-01T00:48:55.384468
ord_6866e823,43550.71,ISSUER_TIMEOUT,ISSUER_TIMEOUT,0,2026-08-09T00:48:55.384468
ord_6e77aa9b,11755.05,OTHER,OTHER,0,2026-07-30T00:48:55.384468
ord_36503ae7,15712.13,ISSUER_TIMEOUT,ISSUER_TIMEOUT,1,2026-07-26T00:48:55.384468
ord_d20ef1d7,7163.44,INSUFFICIENT_FUNDS,INSUFFICIENT_FUNDS,0,2026-08-19T00:48:55.384468
ord_81f148f1,1403.52,RISK_BLOCK,RISK_BLOCK,0,2026-08-01T00:48:55.384468
ord_3871dd26,22728.38,INSUFFICIENT_FUNDS,INSUFFICIENT_FUNDS,0,2026-08-02T00:48:55.384468
ord_0f61f6fe,35776.41,EXPIRED_CARD,EXPIRED_CARD,0,2026-08-21T00:48:55.384468
ord_3f95a32a,28894.05,ISSUER_TIMEOUT,ISSUER_TIMEOUT,0,2026-08-11T00:48:55.384468
ord_89f6d172,47716.23,RISK_BLOCK,RISK_BLOCK,0,2026-08-12T00:48:55.384468
ord_6e2e6691,22958.3,INSUFFICIENT_FUNDS,INSUFFICIENT_FUNDS,0,2026-08-07T00:48:55.384468
ord_9020c872,32205.45,INSUFFICIENT_FUNDS,INSUFFICIENT_FUNDS,0,2026-08-03T00:48:55.384468
ord_e6a57f2d,6802.27,OTHER,OTHER,1,2026-08-15T00:48:55.384468
ord_eb0ceb71,32882.25,OTHER,OTHER,0,2026-08-19T00:48:55.384468
ord_2c477672,26938.88,INSUFFICIENT_FUNDS,INSUFFICIENT_FUNDS,0,2026-08-14T00:48:55.384468
ord_74c53885,6956.0,INSUFFICIENT_FUNDS,INSUFFICIENT_FUNDS,0,2026-08-02T00:48:55.384468
ord_424095f3,4313.63,EXPIRED_CARD,EXPIRED_CARD,0,2026-08-11T00:48:55.384468
ord_a38ed7b3,14489.89,INSUFFICIENT_FUNDS,INSUFFICIENT_FUNDS,1,2026-08-06T00:48:55.384468
ord_a9328d9f,46816.55,ISSUER_TIMEOUT,ISSUER_TIMEOUT,1,2026-07-28T00:48:55.384468
ord_b081f6de,42472.0,EXPIRED_CARD,EXPIRED_CARD,0,2026-08-17T00:48:55.384468
ord_b4ad727a,36533.1,OTHER,OTHER,0,2026-07-28T00:48:55.384468
ord_73131236,32518.47,ISSUER_TIMEOUT,ISSUER_TIMEOUT,1,2026-08-12T00:48:55.384468
ord_400125ee,44177.0,EXPIRED_CARD,EXPIRED_CARD,0,2026-07-30T00:48:55.384468
ord_44822328,223.53,INSUFFICIENT_FUNDS,INSUFFICIENT_FUNDS,0,2026-08-07T00:48:55.384468
ord_9f83ef17,32446.79,OTHER,OTHER,0,2026-07-29T00:48:55.384468
ord_003a6982,20901.2,EXPIRED_CARD,EXPIRED_CARD,0,2026-08-19T00:48:55.384468
ord_95029c13,48297.88,ISSUER_TIMEOUT,ISSUER_TIMEOUT,1,2026-08-04T00:48:55.384468
ord_51c91f1f,1397.87,INSUFFICIENT_FUNDS,INSUFFICIENT_FUNDS,0,2026-08-15T00:48:55.384468
ord_b0e968e5,14246.13,ISSUER_TIMEOUT,ISSUER_TIMEOUT,1,2026-08-12T00:48:55.384468
ord_c1755e0d,32071.67,RISK_BLOCK,RISK_BLOCK,0,2026-08-22T00:48:55.384468
ord_edce1260,11509.85,OTHER,OTHER,0,2026-07-24T00:48:55.384468
ord_f9befd7d,24657.69,INSUFFICIENT_FUNDS,INSUFFICIENT_FUNDS,1,2026-07-25T00:48:55.384468
ord_55815e65,34978.85,EXPIRED_CARD,EXPIRED_CARD,0,2026-07-28T00:48:55.384468
ord_2e69ab06,9067.83,EXPIRED_CARD,EXPIRED_CARD,0,2026-08-09T00:48:55.384468
ord_23005a76,7061.95,INSUFFICIENT_FUNDS,INSUFFICIENT_FUNDS,1,2026-07-23T00:48:55.384468
ord_54ae8025,34159.24,EXPIRED_CARD,EXPIRED_CARD,0,2026-08-19T00:48:55.384468
ord_7df40fda,47670.01,OTHER,OTHER,0,2026-08-22T00:48:55.384468
ord_1ed7cd64,25503.58,ISSUER_TIMEOUT,ISSUER_TIMEOUT,1,2026-08-04T00:48:55.384468
ord_732ff63d,49035.38,ISSUER_TIMEOUT,ISSUER_TIMEOUT,1,2026-08-08T00:48:55.384468
ord_372f3c71,25338.53,INSUFFICIENT_FUNDS,INSUFFICIENT_FUNDS,1,2026-08-10T00:48:55.384468
ord_8223b3a5,41569.89,OTHER,OTHER,0,2026-07-24T00:48:55.384468
ord_14066a86,42924.22,ISSUER_TIMEOUT,ISSUER_TIMEOUT,1,2026-07-28T00:48:55.384468
ord_d917d421,5999.23,INSUFFICIENT_FUNDS,INSUFFICIENT_FUNDS,1,2026-08-19T00:48:55.384468
ord_168b08cf,32620.17,ISSUER_TIMEOUT,ISSUER_TIMEOUT,1,2026-08-06T00:48:55.384468
ord_b710b716,40503.26,EXPIRED_CARD,EXPIRED_CARD,0,2026-08-11T00:48:55.384468
ord_6bdf52da,38293.38,EXPIRED_CARD,EXPIRED_CARD,0,2026-08-08T00:48:55.384468
ord_0fda17df,13389.64,ISSUER_TIMEOUT,ISSUER_TIMEOUT,0,2026-08-08T00:48:55.384468
ord_921cb461,26977.33,INSUFFICIENT_FUNDS,INSUFFICIENT_FUNDS,0,2026-08-07T00:48:55.384468
ord_311cbfb5,9251.33,OTHER,OTHER,0,2026-08-13T00:48:55.384468
ord_1a601e38,43779.07,RISK_BLOCK,RISK_BLOCK,0,2026-08-09T00:48:55.384468
ord_cab81ae0,1829.94,INSUFFICIENT_FUNDS,INSUFFICIENT_FUNDS,1,2026-08-08T00:48:55.384468
ord_693f089f,44482.6,EXPIRED_CARD,EXPIRED_CARD,0,2026-08-03T00:48:55.384468
ord_d4190092,21879.81,ISSUER_TIMEOUT,ISSUER_TIMEOUT,1,2026-08-03T00:48:55.384468
ord_02f94389,25433.91,ISSUER_TIMEOUT,ISSUER_TIMEOUT,1,2026-08-01T00:48:55.384468
ord_8b8e069e,4188.93,RISK_BLOCK,RISK_BLOCK,0,2026-08-07T00:48:55.384468
ord_16e79b6c,13212.38,INSUFFICIENT_FUNDS,INSUFFICIENT_FUNDS,0,2026-08-02T00:48:55.384468
ord_3fabc137,9324.42,ISSUER_TIMEOUT,ISSUER_TIMEOUT,1,2026-08-15T00:48:55.384468
ord_ad1cfbd7,43588.04,INSUFFICIENT_FUNDS,INSUFFICIENT_FUNDS,1,2026-08-21T00:48:55.384468
ord_39d19069,37362.94,ISSUER_TIMEOUT,ISSUER_TIMEOUT,1,2026-07-26T00:48:55.384468
ord_dd34119c,30834.98,OTHER,OTHER,1,2026-08-21T00:48:55.384468
ord_abbc0784,30204.87,INSUFFICIENT_FUNDS,INSUFFICIENT_FUNDS,1,2026-08-10T00:48:55.384468
ord_aba12193,8926.18,OTHER,OTHER,0,2026-08-22T00:48:55.384468
ord_84f73497,23413.74,INSUFFICIENT_FUNDS,INSUFFICIENT_FUNDS,0,2026-08-16T00:48:55.384468
ord_7c5bdc66,45211.84,ISSUER_TIMEOUT,ISSUER_TIMEOUT,1,2026-08-02T00:48:55.384468
ord_4e907fb4,10567.59,OTHER,OTHER,0,2026-08-19T00:48:55.384468
ord_02831a24,29260.8,OTHER,OTHER,0,2026-08-20T00:48:55.384468
ord_2aa28009,48214.17,ISSUER_TIMEOUT,ISSUER_TIMEOUT,1,2026-07-29T00:48:55.384468
ord_340e84d5,4330.93,RISK_BLOCK,RISK_BLOCK,0,2026-08-07T00:48:55.384468
ord_98eba473,35406.55,EXPIRED_CARD,EXPIRED_CARD,0,2026-08-10T00:48:55.384468
ord_fc987349,41109.11,OTHER,OTHER,1,2026-08-03T00:48:55.384468
ord_217ea8ed,24127.37,OTHER,OTHER,1,2026-08-21T00:48:55.384468
ord_3b3bec18,35162.64,OTHER,OTHER,0,2026-08-12T00:48:55.384468
ord_fcb01b62,30745.57,EXPIRED_CARD,EXPIRED_CARD,0,2026-08-21T00:48:55.384468
ord_288fee09,32573.49,ISSUER_TIMEOUT,ISSUER_TIMEOUT,1,2026-08-18T00:48:55.384468
ord_eb3f4cf3,44306.01,EXPIRED_CARD,EXPIRED_CARD,0,2026-08-16T00:48:55.384468
ord_c3c97776,19070.7,INSUFFICIENT_FUNDS,INSUFFICIENT_FUNDS,0,2026-08-10T00:48:55.384468
ord_9303088e,3696.06,RISK_BLOCK,RISK_BLOCK,0,2026-08-16T00:48:55.384468
ord_fa5f07b1,16860.91,OTHER,OTHER,0,2026-08-08T00:48:55.384468
ord_df8e1238,45041.74,ISSUER_TIMEOUT,ISSUER_TIMEOUT,1,2026-08-21T00:48:55.384468
ord_22d8e212,4419.84,INSUFFICIENT_FUNDS,INSUFFICIENT_FUNDS,1,2026-08-12T00:48:55.384468
ord_61f0e72b,5775.22,OTHER,OTHER,0,2026-08-18T00:48:55.384468
ord_50f1b852,1783.3,INSUFFICIENT_FUNDS,INSUFFICIENT_FUNDS,1,2026-07-23T00:48:55.384468
ord_2673ff30,20747.51,RISK_BLOCK,RISK_BLOCK,0,2026-07-27T00:48:55.384468
ord_60d449df,41172.25,OTHER,OTHER,0,2026-08-22T00:48:55.384468
ord_11bfc6af,28138.6,ISSUER_TIMEOUT,ISSUER_TIMEOUT,1,2026-08-20T00:48:55.384468
ord_68b036c7,17469.59,OTHER,OTHER,1,2026-08-07T00:48:55.384468
ord_bb9f81f0,28121.28,OTHER,OTHER,0,2026-07-30T00:48:55.384468
ord_64042a16,21261.44,OTHER,OTHER,0,2026-07-23T00:48:55.384468
ord_66a25745,6864.69,INSUFFICIENT_FUNDS,INSUFFICIENT_FUNDS,1,2026-08-03T00:48:55.384468
ord_f3151863,42171.53,INSUFFICIENT_FUNDS,INSUFFICIENT_FUNDS,1,2026-07-28T00:48:55.384468
ord_41bc8e59,20381.72,RISK_BLOCK,RISK_BLOCK,0,2026-08-06T00:48:55.384468
ord_d73b1001,34552.61,INSUFFICIENT_FUNDS,INSUFFICIENT_FUNDS,1,2026-08-19T00:48:55.384468
ord_febb60a7,44740.89,RISK_BLOCK,RISK_BLOCK,0,2026-08-22T00:48:55.384468
ord_259ecabf,35897.25,INSUFFICIENT_FUNDS,INSUFFICIENT_FUNDS,0,2026-07-26T00:48:55.384468
ord_a93f5b10,16829.66,INSUFFICIENT_FUNDS,INSUFFICIENT_FUNDS,1,2026-08-08T00:48:55.384468
ord_b6073fab,16227.43,INSUFFICIENT_FUNDS,INSUFFICIENT_FUNDS,1,2026-08-22T00:48:55.384468
ord_80136022,49322.55,INSUFFICIENT_FUNDS,INSUFFICIENT_FUNDS,1,2026-08-11T00:48:55.384468
ord_571798e5,5252.53,INSUFFICIENT_FUNDS,INSUFFICIENT_FUNDS,0,2026-08-11T00:48:55.384468
ord_fa3ff7af,39757.02,ISSUER_TIMEOUT,ISSUER_TIMEOUT,1,2026-08-13T00:48:55.384468
ord_4337fa2b,15206.2,INSUFFICIENT_FUNDS,INSUFFICIENT_FUNDS,0,2026-08-12T00:48:55.384468
ord_cf9f3ff7,27347.66,INSUFFICIENT_FUNDS,INSUFFICIENT_FUNDS,1,2026-08-05T00:48:55.384468
ord_eeb1f1c5,421.99,OTHER,OTHER,0,2026-08-03T00:48:55.384468
ord_9f1941cb,35988.08,RISK_BLOCK,RISK_BLOCK,0,2026-08-01T00:48:55.384468
ord_4c4eecf6,10080.35,INSUFFICIENT_FUNDS,INSUFFICIENT_FUNDS,1,2026-08-21T00:48:55.384468
ord_d56d80c1,35769.88,OTHER,OTHER,0,2026-08-04T00:48:55.384468
ord_7e077338,2871.03,INSUFFICIENT_FUNDS,INSUFFICIENT_FUNDS,0,2026-08-12T00:48:55.384468
ord_67b52265,22018.79,OTHER,OTHER,1,2026-08-07T00:48:55.384468
ord_608e6394,40454.32,INSUFFICIENT_FUNDS,INSUFFICIENT_FUNDS,1,2026-08-22T00:48:55.384468
ord_f5ce2d2a,20262.37,EXPIRED_CARD,EXPIRED_CARD,0,2026-08-08T00:48:55.384468
ord_e92ecce5,3830.82,EXPIRED_CARD,EXPIRED_CARD,0,2026-08-11T00:48:55.384468
ord_8f307734,16447.53,ISSUER_TIMEOUT,ISSUER_TIMEOUT,0,2026-07-25T00:48:55.384468
ord_08235f80,27929.03,OTHER,OTHER,0,2026-08-09T00:48:55.384468
ord_4bcbbe94,470.49,OTHER,OTHER,0,2026-07-26T00:48:55.384468
ord_57d4d181,16446.41,ISSUER_TIMEOUT,ISSUER_TIMEOUT,1,2026-08-17T00:48:55.384468
ord_e0d818e0,45012.44,RISK_BLOCK,RISK_BLOCK,1,2026-07-24T00:48:55.384468
ord_ea8caf3b,29623.04,ISSUER_TIMEOUT,ISSUER_TIMEOUT,1,2026-08-06T00:48:55.384468
ord_7289e50c,32510.44,INSUFFICIENT_FUNDS,INSUFFICIENT_FUNDS,1,2026-08-05T00:48:55.384468
ord_ec7ae1b0,39151.11,INSUFFICIENT_FUNDS,INSUFFICIENT_FUNDS,0,2026-07-25T00:48:55.384468
ord_7ffed21c,29848.07,RISK_BLOCK,RISK_BLOCK,1,2026-08-05T00:48:55.384468
ord_6eb13e1b,7473.87,EXPIRED_CARD,EXPIRED_CARD,0,2026-08-07T00:48:55.384468
ord_4215cb34,5989.14,ISSUER_TIMEOUT,ISSUER_TIMEOUT,1,2026-08-16T00:48:55.384468
ord_602ac817,34384.34,INSUFFICIENT_FUNDS,INSUFFICIENT_FUNDS,0,2026-08-02T00:48:55.384468
ord_d0082d41,10047.62,OTHER,OTHER,0,2026-07-26T00:48:55.384468
ord_57b94419,32308.76,INSUFFICIENT_FUNDS,INSUFFICIENT_FUNDS,1,2026-08-05T00:48:55.384468
ord_4ad88b10,7174.53,OTHER,OTHER,1,2026-07-26T00:48:55.384468
ord_83e8cdc7,48337.48,INSUFFICIENT_FUNDS,INSUFFICIENT_FUNDS,0,2026-07-26T00:48:55.384468
ord_43881748,11858.71,ISSUER_TIMEOUT,ISSUER_TIMEOUT,1,2026-08-18T00:48:55.384468
ord_4bbe30b4,23684.78,INSUFFICIENT_FUNDS,INSUFFICIENT_FUNDS,1,2026-08-08T00:48:55.384468
ord_c853bf26,40175.34,EXPIRED_CARD,EXPIRED_CARD,0,2026-07-31T00:48:55.384468
ord_77dab65f,4764.84,INSUFFICIENT_FUNDS,INSUFFICIENT_FUNDS,1,2026-07-29T00:48:55.384468
ord_8ea7467b,31418.04,ISSUER_TIMEOUT,ISSUER_TIMEOUT,1,2026-08-14T00:48:55.384468
ord_959f5fef,46165.08,ISSUER_TIMEOUT,ISSUER_TIMEOUT,1,2026-08-21T00:48:55.384468
ord_46f43cd0,40892.48,OTHER,OTHER,0,2026-08-22T00:48:55.384468
ord_b19df8f9,27213.58,ISSUER_TIMEOUT,ISSUER_TIMEOUT,1,2026-07-25T00:48:55.384468
ord_eaef88e3,1036.38,INSUFFICIENT_FUNDS,INSUFFICIENT_FUNDS,0,2026-08-15T00:48:55.384468
ord_eb8472e9,48423.61,ISSUER_TIMEOUT,ISSUER_TIMEOUT,1,2026-08-20T00:48:55.384468
ord_9b5d013b,28811.93,INSUFFICIENT_FUNDS,INSUFFICIENT_FUNDS,1,2026-08-02T00:48:55.384468
ord_e76eb73b,34897.48,ISSUER_TIMEOUT,ISSUER_TIMEOUT,1,2026-08-19T00:48:55.384468
ord_ec41e53b,40282.02,ISSUER_TIMEOUT,ISSUER_TIMEOUT,1,2026-08-19T00:48:55.384468
ord_88f1a35c,38476.76,EXPIRED_CARD,EXPIRED_CARD,0,2026-07-28T00:48:55.384468
ord_d6fa7ab1,47723.64,OTHER,OTHER,0,2026-08-07T00:48:55.384468
ord_5267bca8,16137.22,ISSUER_TIMEOUT,ISSUER_TIMEOUT,1,2026-08-19T00:48:55.384468
ord_ee23421f,18716.17,INSUFFICIENT_FUNDS,INSUFFICIENT_FUNDS,1,2026-08-21T00:48:55.384468
ord_6dc280c5,42364.22,EXPIRED_CARD,EXPIRED_CARD,0,2026-08-05T00:48:55.384468
ord_9b3fc6a3,40149.49,OTHER,OTHER,1,2026-08-09T00:48:55.384468
ord_558bb35d,3718.51,ISSUER_TIMEOUT,ISSUER_TIMEOUT,1,2026-07-30T00:48:55.384468
ord_ac554fa8,34393.32,OTHER,OTHER,0,2026-08-22T00:48:55.384468
ord_57a4cad4,43840.64,ISSUER_TIMEOUT,ISSUER_TIMEOUT,1,2026-08-21T00:48:55.384468
ord_ee8ca30d,21662.46,INSUFFICIENT_FUNDS,INSUFFICIENT_FUNDS,0,2026-08-08T00:48:55.384468
ord_81bf588a,49123.74,INSUFFICIENT_FUNDS,INSUFFICIENT_FUNDS,1,2026-08-02T00:48:55.384468
ord_d805ba32,40140.59,ISSUER_TIMEOUT,ISSUER_TIMEOUT,1,2026-08-13T00:48:55.384468
ord_264ea7ee,11825.46,ISSUER_TIMEOUT,ISSUER_TIMEOUT,1,2026-07-31T00:48:55.384468
ord_82cd12eb,939.0,INSUFFICIENT_FUNDS,INSUFFICIENT_FUNDS,1,2026-08-19T00:48:55.384468
ord_c8389d3e,23355.59,INSUFFICIENT_FUNDS,INSUFFICIENT_FUNDS,1,2026-07-27T00:48:55.384468
ord_b493a312,31901.8,INSUFFICIENT_FUNDS,INSUFFICIENT_FUNDS,1,2026-08-13T00:48:55.384468
ord_a633e10d,27839.11,ISSUER_TIMEOUT,ISSUER_TIMEOUT,1,2026-08-09T00:48:55.384468
